_id,ano,volume,numero,titulo,autores,Citações
68a8cad06a09251fb721014d,2025,24,1,A Flexible UHF RFID Respiratory Sensor,"['Araujo, Jéssyca I. L.', 'Serres, Georgina K. F.', 'Genovesi, Simone', 'Santos, Danilo F. S.', 'serres, alexandre jean René']",1
68a8cad36a09251fb721014e,2025,24,1,Proposition for Path Loss Prediction Models with the Inclusion of Altitude Parameter and Optimization Through Evolutionary Algorithms,"['Jorge Júnior, Evandro M.', 'Veiga, Antônio C. P.']",0
68a8cad66a09251fb721014f,2025,24,1,A 1D-FDM Transmission Line Model for Partial Discharge Current Simulations Validated Against Needle-Plate HVDC Laboratory Experiments: Calculations of Ionized Air Conductivity,"['Oliveira, Rodrigo M. S. de', 'Lopes, Nathan M.', 'Nascimento, Júlio A. S. do']",0
68a8cad86a09251fb7210150,2025,24,1,Assessment of Planar Transmission Line with Stub for Measuring Water Content in Power Transformer Oil,"['Fonseca, Daniel A. B.', 'Costa, Luís G. da S.', 'Cantarino, Wesley M.', 'Vitor, Ulysses R. C.']",0
68a8cada6a09251fb7210151,2025,24,1,Space-fed Array Variations of E-shape and U-slot cut Rectangular Microstrip Antennas using Modified Feed for Gain Enhancement,"['Deshmukh, Amit A.', 'Parvez, Adil', 'Chavali, Venkata A. P.']",0
68a8cadb6a09251fb7210152,2025,24,1,Analysis of a D-Shaped Photonic Crystal Fiber Sensor with Multiple Conducting Layers,"['Romeiro, Amanda F.', 'Cardoso, Markos P.', 'Miranda, Caua C.', 'Silva, Anderson O.', 'Costa, João C. W. A.', 'Giraldi, M. Thereza R.', 'Santos, Jose L.', 'Baptista, Jose M.', 'Guerreiro, Ariel']",4
68a8cadd6a09251fb7210153,2025,24,1,Choosing Clutter Heights in ITU-R P.1812 Recommendation for LoRaWAN Link Budget,"['Duarte, Bryan da S.', 'Dias, Maurício H. C.']",0
68a8cae46a09251fb7210154,2025,24,1,A reflectarray Using a Dielectric Discretized Concave Mirror Based on Electromagnetic Band Gap,"['Dip, Gustavo Maciulis', 'Correra, Fatima Salete']",0
68a8cae76a09251fb7210155,2025,24,1,Systematic Literature Review of the Use of Computational Intelligence in the Routing and Spectrum Assignment Problem in Elastic Optical Networks,"['Carvalho, Renan V. B.', 'Dinarte, Henrique A.', 'Almeida Jr., Raul C.', 'Bastos-Filho, Carmelo J. A.']",0
68a8cae96a09251fb7210156,2025,24,1,Designing an Advanced Biosensor for Rapid Analysis and Detection of Blood Components,"['Kebaili, Farida.', 'Harhouz, Ahlam.', 'Hocini, Abdesselam.']",2
68a8cf82987b56da45350d4b,2025,24,2,Broadband High-Selectivity Stacked Filtering Antenna with Multiple Radiation Nulls,"['Gao, Shuai', 'Wang, Zhongbao', 'Liu, Hongmei', 'Fang, Shaojun']",1
68a8cf84987b56da45350d4c,2025,24,2,Generation and Analysis of Fractional Bessel-Gauss Beams Matrices via Holographic Techniques,"['Reis, George B.', 'Gesualdi, Marcos R. R.']",0
68a8cf86987b56da45350d4d,2025,24,2,Low-Cost CSRR-based Microwave Sensor for Evaluating Water Quality to Prevent Unwanted Sugar Contamination,"['Sousa, Bruno Matias de', 'Duarte Júnior, José Garibaldi', 'Silva Neto, Valdemir Praxedes da']",0
68a8cf88987b56da45350d4e,2025,24,2,A Compact Meander-Bridge Electromagnetic Band-Gap Structure for Suppressing Simultaneous Switching Noise,"['dalcin, jean c. b.', 'bonfim, marlio']",2
68a8cf8a987b56da45350d4f,2025,24,2,Compact Top-Loaded Quarter-Cylinder Dielectric Resonator Antenna,"['Paulena, Gabriel P.', 'Vieira, Juner M.', 'Bouari, Abdou Halique A. A.', 'Schlosser, Edson R.', 'Heckler, Marcos V. T.']",0
68a8cf8c987b56da45350d50,2025,24,2,A Multiband Yagi-Uda Patch Antenna with Different Orders of Koch Fractal,"['V. Netto, Gabriel P. M.', 'Barbudo, Vitória B.', 'Oliveira, Jose M. A. M. de', 'melo, marcos t. de', 'Vitor, Ulysses R. C.']",0
68a8cf8e987b56da45350d51,2025,24,2,Stepped-fat Dipole Antenna for TV 3.0 Design and Outdoor Tests,"['Perotoni, Marcelo Bender', 'Santos, Edson Tafeli Carneiro dos', 'Vieira, Marcos Stefanelli', 'Rabaça, Ricardo Seriacopi', 'Fernandes, Natalia Castro', 'silva, leonardo henrique gonsioroski furtado da', 'Santos, Amanda Beatriz Cunha dos', 'Mello, Luiz Alencar Reis da Silva', 'Akamine, Cristiano']",0
68a8cf90987b56da45350d52,2025,24,2,SAR Estimations in a Classroom with Wireless Computers,"['Soares, Norton Escopelli', 'Bulla, Giovani', 'Fernández-Rodríguez, Claudio E.', 'Salles, Alvaro A. A. de']",3
68a8cf92987b56da45350d53,2025,24,2,Microwave Brain Lesion Detection and Localization Using Classification Algorithms,"['Şahintürk, Hulya', 'Kıymaz, Rabia', 'Aslanyürek, Birol', 'Süngülü, H.G.']",0
68a8cf93987b56da45350d54,2025,24,2,High Sensitivity Optical Sensor Based on Surface Plasmon Effect on Graphene for Detection of DMSO Concentrations,"['Souto, Gabriel A.', 'cunha, nilson henrique o.', 'Silva, José P.']",1
68a8cf95987b56da45350d55,2025,24,2,Use of the Micro-Doppler Effect in Classifying and Differentiating Drones from Birds,"['Soares, Willian S. L.', 'Costalonga, Tiago O.', 'Colen, Guilherme R.', 'Fernandes, Victor', 'Magri, Vanessa P. R.']",0
68a8cf97987b56da45350d56,2025,24,2,Fully Textile Inked FSS for Wearable Applications,"['oliveira, joão guilherme domingos', 'Oliveira, Amanda Maria Domingos de', 'Silva Neto, Valdemir Praxedes da', 'D’Assunção, Adaildo Gomes']",0
68a8cf99987b56da45350d57,2025,24,2,Wideband Designs of E-shape Microstrip Antenna on Thinner Substrate,"['Chavali, Venkata A. P.', 'Deshmukh, Amit A.']",1
68a8d0ab4a215e8adab6f24a,2024,23,1,Optimization of Very Short Multi-Pump Discrete Raman Amplifiers based on Tellurite Fibers,"['Bastida, Gabriel C.', 'Rocha, Helder R. de O.', 'segatto, marcelo e. v.', 'castellani, carlos eduardo s.']",0
68a8d0ac4a215e8adab6f24b,2024,23,1,Wideband High-Selectivity SIW Filtering Antenna with Controllable Radiation Nulls,"['Wang, Zhongbao', 'Liu, Xinhong', 'Liu, Hongmei', 'Fang, Shaojun']",1
68a8d0ae4a215e8adab6f24c,2024,23,1,New SRR/CSRR antenna dual Band-notch for WLAN and X Band Satellite communication,"['Hajlaoui, El Amjed', 'Almohaimeed, Ziyad']",2
68a8d0b04a215e8adab6f24d,2024,23,1,A New Miniaturized Active Frequency Selective Surface with Convoluted Element for UHF Applications,"['Duarte, Mychael Jales', 'D’Assunção, Adaildo Gomes', 'Silva Neto, Valdemir Praxedes da']",2
68a8d0b24a215e8adab6f24e,2024,23,1,Analysis of a Modified Y-Branch CWDM Demultiplexer Based on Photonic Crystal Structure,"['El Mansouri, Oualida', 'Labbani, Amel']",4
68a8d0b34a215e8adab6f24f,2024,23,1,Use of Hidden Markov Model Technique to Characterize and Classify the Wideband Mobile Radio Channel in Different Environments,"['Azevedo, Rafael S.', 'Cataldo, Edson', 'matos, leni j. de']",0
68a8d0b64a215e8adab6f250,2024,23,1,A Compact Theory of the Symmetric Compressed-V Dipole Antenna,"['Ayorinde, Ayotunde', 'Adekola, Sulaiman Adeniyi', 'Mowete, Ike']",0
68a8d0b84a215e8adab6f251,2024,23,1,Analysis and Designing of New Broadband Power Divider Using Stepped Impedance for WLAN and 5G Applications,"['Ennajih, Abdelhadi', 'Sardi, Azzeddine', 'Errkik, Ahmed']",0
68a8d0ba4a215e8adab6f252,2024,23,1,Capacitive Tuning of High Selective T-Shaped Band-Stop Filter: Theory and Experiment,"['Sahu, Amit K.', 'Panda, Dhruba C.', 'Parida, Rajeev K.']",0
68a8d0bc4a215e8adab6f253,2024,23,1,Artificial Intelligence Enabled Radio Propagation: Path Loss Improvement and Channel Characterization in Vegetated Environments,"['silva, leonardo henrique gonsioroski furtado da', 'santos, amanda beatriz cunha dos', 'Viana, Jairon', 'Ferreira, Sandra', 'silva, rogério m. l.', 'mello, luiz alencar reis da silva', 'matos, leni j. de', 'Molina, Marcelo']",3
68a8d0bf4a215e8adab6f254,2024,23,1,An Efficient and Accurate Algorithm for Electromagnetic Wave Propagation Modeling Based on Wavelet Transforms,"['Rocha, Alexandre', 'Parada, Diego', 'Tami, Diego', 'Guevara, Dinael', 'Rego, Cássio G.']",9
68a8d0edf1f8107d937d349f,2024,23,2,Design of an Antipodal Vivaldi Antenna Using RSIW Technology,"['Carneiro, Priscilla Kadja P. de M.', 'Santos, Maraiza Prescila dos', 'Gomes Neto, Alfredo', 'serres, alexandre jean René', 'herbster, adolfo fernandes']",5
68a8d0eff1f8107d937d34a0,2024,23,2,Characterizing MIMO Channels in Low-Voltage Electric Power Line Communication Through Impedance and Scattering Parameters Analysis,"['Sousa, Matheus C. de', 'Cantarino, Wesley M.', 'Costa, Luís G. da S.', 'Curty, Thales A.', 'Fonseca, Daniel A. B.', 'Vitor, Ulysses R. C.', 'segatto, marcelo e. v.']",2
68a8d0f1f1f8107d937d34a1,2024,23,2,Ring Shape Microstrip Antenna Backed by Modified Ground Plane for Multiband Response in GSM and Radar Applications,"['Ambekar, Aarti G.', 'Deshmukh, Amit A.']",1
68a8d0f3f1f8107d937d34a2,2024,23,2,Wave Impedance Equivalent Circuit Model for Square Loop Frequency Selective Surfaces,"['C. Júnior, Everaldo Faustino da', 'Silva, Paulo Henrique da F.', 'Gomes Neto, Alfredo']",0
68a8d0f5f1f8107d937d34a3,2024,23,2,Nature-Inspired Frequency Selective Surface in Fibonacci Spiral with Closely Resonant Bands,"['Oliveira, Maciel Alves de', 'Lazaridis, Pavlos I.', 'Zaharis, Zaharias D.', 'Gomes Neto, Alfredo', 'Campos, Antonio Luiz Pereira de Siqueira', 'serres, alexandre jean René']",4
68a8d0f7f1f8107d937d34a4,2024,23,2,Performance Analysis of a Compact Conformal SWB Antenna for 5G and Wearable IoT Applications,"['Sagne, Dipika', 'Pandhare, Rashmi A.']",3
68a8d0f9f1f8107d937d34a5,2024,23,2,A Novel Wideband Magnetoelectric Dipole Antenna with Circular Polarization Applied to CubeSat,"['Sousa, Bruno Matias de', 'Duarte Júnior, José Garibaldi', 'Silva Neto, Valdemir Praxedes da']",1
68a8d0faf1f8107d937d34a6,2024,23,2,Multiplexed in-Series Macro-Bend Fiber Sensors for Personal Authentication Through Foot Recognition,"['Girão, Natália Soares', 'Lugarini, Diogo', 'Arruda, Lúcia Valéria Ramos de', 'Fabris, José Luís', 'Muller, Marcia']",0
68a8d0fcf1f8107d937d34a7,2024,23,2,Frequency Selective Surfaces as Reconfigurable Superstrate Applied to a Dipole Antenna for 5G NR,"['Evangelista, Thamyris da Silva', 'Souza, Juliete da Silva', 'Serres, Alexandre Jean René', 'Gomes Neto, Alfredo']",0
68a8d1423fd4d83793e208d2,2024,23,3,Number of events in Monte Carlo simulations for analysis of interference between radiocommunication systems,"['Fernandes, Leandro C.', 'Linhares, Agostinho', 'alexandre, luciano camilo']",3
68a8d1443fd4d83793e208d3,2024,23,3,Carbon Dioxide Optical Sensing using Tapered and Coated LPGs and Neural Networks,"['Oliveira, Manuella C. de', 'Barino, Felipe O.', 'Cevidanes, Nelson A.', 'Curty, Thales A.', 'Vitor, Ulysses R. C.', 'Souto, Jose A. Garcia', 'Acedo, Pablo', 'coelho, diogo v n', 'santos, alexandre bessa dos']",2
68a8d1463fd4d83793e208d4,2024,23,3,Analysis of Electromagnetic Problems in the Presence of Non-uniform Movements,"['Marvasti, Mohammad', 'Boutayeb, Halim']",0
68a8d1483fd4d83793e208d5,2024,23,3,Modeling of Electrical Machines Hysteresis Losses Under Mechanical Stresses,"['Silva, Indiara P. C. da', 'Miranda, Rodrigo A.', 'Sadowski, Nelson', 'Batistela, Nelson J.', 'Bernard, Laurent D.', 'Bastos, João Pedro A.']",2
68a8d14a3fd4d83793e208d6,2024,23,3,Demonstration of 256 QAM 10 Gbps Signal Transmission over 570 km Fiber-based NG Radio over Fiber System,"['Deen, Hasan k. Al', 'Abd, Haider J.']",0
68a8d14c3fd4d83793e208d7,2024,23,3,Methods of Measurements of Electromagnetic Characterization of Free Space Materials in the X-Band,"['Passos, Rafaela Real', 'Corsato, Cecília Maia', 'Donati, Bruno Ferraz', 'Fonseca, Nicholas Eras', 'Silva, Valdirene Aparecida da']",2
68a8d14e3fd4d83793e208d8,2024,23,3,Dual-band Monopole Antenna Integrated with Frequency Selective Surface for Possible Use in Non-invasive Biomedical Applications,"['Silva Junior, Isaú de Sousa', 'Gomes Neto, Alfredo', 'Silva, Maurício W. B.', 'Campos, Antonio Luiz Pereira de Siqueira']",0
68a8d1503fd4d83793e208d9,2024,23,3,Compact Dual-band Filtering Power Divider with Low Loss and High Isolation Based on Open-Circuited Stepped-impedance Resonators,"['Giang, Nguyen Minh', 'Ngoc, Tran Bao', 'Hung, Pham Van', 'Long, Tran Van', 'Thang, Do Tran Quang']",0
68a8d1523fd4d83793e208da,2024,23,3,Non-Uniform Phase Synthesis for Cosecant-Squared Radiation Patterns,"['Leão, Pedro A. B.', 'Faria, Tcharles V. B.', 'Moreira, Fernando J. S.']",0
68a8d1543fd4d83793e208db,2024,23,3,A Microwave System for Measuring Relative Humidity of Hollow Concrete Blocks: A New Proposal and a Sensitivity Analysis,"['Monteiro Sobrinho, Francisco Magno', 'Silva, Isaac Barros Tavares Da', 'Lira, Ruann Victor de Andrade', 'Campos, Antonio Luiz Pereira de Siqueira']",2
68a8d1573fd4d83793e208dc,2024,23,3,,[],0
68a8d1985545c1a78dacaad5,2024,23,4,L1/E1/B1 and L5/E5a/B2a Band Dual-Polarized Microstrip Antenna for GNSS-R,"['Pereira, Lucas S.', 'Schlosser, Edson R.', 'Bouari, Abdou Halique A. A.', 'Heckler, Marcos V. T.', 'Vieira, Juner M.', 'Antreich, Felix D.']",1
68a8d19a5545c1a78dacaad6,2024,23,4,Double Sided Band-pass Frequency Selective Surface Based on Matryoshka Geometry,"['Alencar, Marina de Oilveira', 'G. Neto, Alfredo', 'Melo, Marcos T. de', 'Barboza, Amanda Gomes']",1
68a8d19c5545c1a78dacaad7,2024,23,4,A p-HEMT 920 ps True Time Delay Line Integrated Circuit for X-Band Imaging Radars,"['Sreenivasulu, Kilari', 'Ray, Kamla Prasan', 'Raj, Manu', 'Chaturvedi, Sandeep']",0
68a8d19e5545c1a78dacaad8,2024,23,4,Design and Analysis of a Hybrid Plasmonic Waveguide with Chiral Metamaterial and Graphene Interfaces,"['Salman, Hawraa H.', 'Yasser, Hassan A.']",0
68a8d1a05545c1a78dacaad9,2024,23,4,Balanced-to-Balanced Filtering Crossover with High Isolation and CM Suppression,"['Zhao, Shipeng', 'Wang, Zhongbao', 'Liu, Hongmei', 'Fang, Shaojun']",0
68a8d1a15545c1a78dacaada,2024,23,4,Strategy for Resource Allocation in Elastic Optical Networks Considering Physical Layer Impairments and Spectrum Fragmentation,"['Silva, Sergio A.', 'Bastos-Filho, Carmelo J. A.', 'Araújo, Danilo R. B.', 'Almeida-Junior, Raul C. A.']",1
68a8d1a45545c1a78dacaadb,2024,23,4,Exploring Electromagnetic Tube Expansion Based on Field Concentrator: An Analytical Model and Numerical Study,"['Boutana, Ilhem', 'Mekideche, Mohamed Rachid']",3
68a8d1a65545c1a78dacaadc,2024,23,4,Outdoor Narrowband Measurements in 800 MHz Band for PPDR Private Networks,"['Fernandes, Victor', 'Guimarães, Alberto G.', 'castellanos, pedro gonzalez']",0
68a8d1a85545c1a78dacaadd,2024,23,4,Multidimensional analysis of 5G antenna with coaxial cables and circular slots using computational resources and polynomial analysis,"['Andrade, Filipe C. de', 'Muniz, Giselle Francine B.', 'Brandão, Ana Karine D. C.', 'santos, kenedy marconi g. dos', 'Santos, Polyane A.', 'Silveira, Tagleorge M.']",1
68a8d1a95545c1a78dacaade,2024,23,4,Single- and Multi-Stopband Reconfigurable FSS,"['Sousa, Thayuan Rolim de', 'Mamedes, Deisy Formiga', 'Souza, Juliete da Silva', 'Silva Neto, Valdemir Praxedes da']",1
68a8d1dcbbe0df8f40dc87f6,2023,22,1,Absorb/Transmit Broadband Type Frequency Selective Surface,"['G. P. Neto, José Jaime', 'Campos, Antonio Luiz Pereira de Siqueira', 'Lira, Ruann Victor de A.', 'Gomes Neto, Alfredo', 'Silva, Maurício W. B.']",3
68a8d1debbe0df8f40dc87f7,2023,22,1,Analog Electronic Circuit Synthesis Using Simulated Annealing and Geometric Circuit Evolution,"['Muttoni, Leonardo', 'Veiga, Antônio C. P.']",1
68a8d1e0bbe0df8f40dc87f8,2023,22,1,A Reconfigurable Frequency Selective Surface for Wi-Fi Application,"['Evangelista, Thamyris da Silva', 'Mamedes, Deisy Formiga', 'Silva, Jefferson Costa e', 'Serres, Alexandre Jean René', 'Gomes Neto, Alfredo']",6
68a8d1e2bbe0df8f40dc87f9,2023,22,1,Notched Circular EBG based Circularly Polarized Antenna for Performance Enhancement,"['Verma, Alka', 'Patil, Shilpee', 'Singh, Anil Kumar', 'Pandey, Anil Kumar']",2
68a8d1e3bbe0df8f40dc87fa,2023,22,1,Characterization of Dielectric Properties of Graphene and Graphite Using the Resonant Cavity in 5G Test Band,"['Pereira, Vinicius M.', 'Hardt, Luis G.', 'Fantineli, Dieison G.', 'Heckler, Marcos V. T.', 'Armas, Luis E. G.']",15
68a8d1e5bbe0df8f40dc87fb,2023,22,1,Performance Analysis of a Distributed Optical Fiber Vibration Sensor Based on a Sagnac Interferometer,"['Ozcáriz, Aritz', 'Weber, Guilherme Heim', 'Gomes, Danilo Fernandes', 'Costa, Igor Brutkowski Vieira da', 'Galvão, José Rodolfo', 'Martins, Victor Matheus', 'Pipa, Daniel R.', 'Silva, Marco J.', 'Silva, Jean Carlos Cardozo da', 'Zamarreño, Carlos Ruiz', 'Martelli, Cicero']",1
68a8d1e7bbe0df8f40dc87fc,2023,22,1,Computational Modeling of Magnetic Field Optical Fiber Sensor Considering Temperature Effects,"['Silva, Allamys A. Dias da', 'oliveira, hebio j. b. de', 'Alves, Henrique P.', 'Nascimento, Jehan Fonsêca do', 'Martins Filho, Joaquim F.']",3
68a8d1e9bbe0df8f40dc87fd,2023,22,1,A Non-Invasive Methodology for Magnetic Characterization of Transformers and Reactors,"['Américo, Jônatas P.', 'Leite, Jean V.', 'Mazzola, Cristian F.']",3
68a8d1ebbbe0df8f40dc87fe,2023,22,1,Double Negative Metamaterial Based on Moebius Strip,"['Slyusar, Vadym', 'Sliusar, Ihor', 'Sheleg, Sergey']",7
68a8d1edbbe0df8f40dc87ff,2023,22,1,Coexistence Analysis Between IMT-2020 and AES operating in L Band on a Final Approach,"['Alexandre, Luciano Camilo', 'Linhares, Agostinho', 'Neto, Geraldo', 'Brandão, Tiago H.', 'Costa, I. F. da', 'Sodré Junior, Arismar Cerqueira']",0
68a8d1efbbe0df8f40dc8800,2023,22,1,Features Extraction for Classification in Switching Devices using Fiber Bragg Grating,"['Benetti, Daniel', 'dureck, eduardo henrique', 'Dreyer, Uilian José', 'Lazzaretti, André E.', 'Pipa, Daniel R.', 'Silva, Jean Carlos Cardozo da']",1
68a8d1f2bbe0df8f40dc8801,2023,22,1,Implementation of PoF-powered IoT Sensing Systems for Industry 4.0,"['Souza, Letícia C.', 'Lima, Eduardo S.', 'Neto, Egidio R.', 'Sodré Junior, Arismar Cerqueira']",4
68a8d1f4bbe0df8f40dc8802,2023,22,1,Machine Learning-Based Digital Pre-Distortion Scheme for RoF Systems and Experimental 5G mm-waves Fiber-Wireless Implementation,"['Pereira, Luiz A. M.', 'Lima, Eduardo S.', 'Mendes, Luciano L.', 'Sodré Junior, Arismar Cerqueira']",4
68a8d1f6bbe0df8f40dc8803,2023,22,1,Spectral Analysis of a SPR Sensor based on Multilayer Graphene in the Far Infrared Range,"['Cruz, André', 'Cunha, Wêndria', 'Rosso, Tommaso Del', 'Dmitriev, Victor', 'costa, karlo q. da']",4
68a8d1f8bbe0df8f40dc8804,2023,22,1,Comparing the Performance of OFDM and OCDM-based Visible Light Communications: Numerical and Experimental Analysis,"['Peterle, Augusto C. F.', 'Costa, Wesley', 'Camporez, Higor', 'segatto, marcelo eduardo vieira', 'rocha, helder r. de o.', 'Silva, Jair A. L.']",0
68a8d1fabbe0df8f40dc8805,2023,22,1,Automated Forearm Prosthesis Controlling Using Fiber Bragg Grating Sensor,"['Rialto Júnior, Péricles Valera', 'Dureck, Eduardo Henrique', 'Kalinowski, Alessandra', 'Zamarreño, Carlos Ruiz', 'Socorro-Leranoz, Abian B.', 'Silva, Jean Carlos Cardozo da', 'Lazzaretti, André Eugenio', 'Dreyer, Uilian José']",1
68a8d1fcbbe0df8f40dc8806,2023,22,1,A Multi-Plasmonic Approach for Simultaneous Measurements based on a D-Shaped Photonic Crystal Fiber Sensor: from Temperature to Optical Dispersion,"['Romeiro, Amanda F.', 'Cardoso, Markos P.', 'Silva, Anderson O.', 'Costa, João C. W. A.', 'Giraldi, M. Thereza R.', 'Santos, José L.', 'Baptista, José M.', 'Guerreiro, Ariel']",2
68a8d1ffbbe0df8f40dc8807,2023,22,1,Determining a Perturbation Factor to Design Tunable Resonant Cavities in SIW Technology,"['Caleffo, Ricardo Caranicola', 'Correra, Fatima Salete']",6
68a8d275f6b0359a8ced5280,2023,22,2,Control of Mutual Coupling in Microstrip Antenna Design Based on Bio-inspired Algorithms,"['Leal, Israel', 'Lopes, Waslon', 'alencar, marcelo s.', 'Queiroz, Wamberto']",1
68a8d277f6b0359a8ced5281,2023,22,2,Adaptive Hybrid Precoding Strategy for Cell-Free Massive MIMO,"['Mathe, Dercio M.', 'Acatauassu, Diogo', 'Borges, Gilvan S.', 'Rodrigues, Roberto M.', 'Cavalcante, André M.', 'Marquezini, Maria V.', 'Almeida, Igor', 'Costa, João C. W. A.']",0
68a8d27af6b0359a8ced5282,2023,22,2,A Study of a Silicon Quasi-Periodic Segmented Waveguide,"['Segundo, Marcos Túlio Antunes Bezerra', 'Silva, José P.']",1
68a8d27cf6b0359a8ced5283,2023,22,2,A New Theoretical Approach of Studying Resonances in Single Finline Transitions,"['brenna, emanuele', 'fantauzzi, stefano', 'valletti, lorenzo', 'Paolo, F. Di']",1
68a8d27ef6b0359a8ced5284,2023,22,2,Theoretical model for the transmittance in a left-handed metamaterial of different geometries,"['Lorduy G, Héctor', 'Salazar, Ángel']",1
68a8d280f6b0359a8ced5285,2023,22,2,A Modified Radiopropagation Multipath Model for Constant Refractivity Gradient Profiles,"['parada, diego', 'rego, cassio goncalves do', 'guevara, dinael', 'navarro, andres', 'ramos, glaucio lopes', 'oliveira, rodrigo']",4
68a8d282f6b0359a8ced5286,2023,22,2,On the Reconfigurability of a Singly-Layered Dual-Band Reflectarray for Space Applications,"['Farias, Roger L.', 'Peixeiro, Custódio', 'Heckler, Marcos V. T.']",0
68a8d283f6b0359a8ced5287,2023,22,2,Wide Band Microstrip Patch Antenna with Enhanced Gain using FSS Structure,"['Tewary, Tapas', 'Maity, Smarajit', 'Roy, Avisankar', 'Bhunia, Sunandan']",19
68a8d2b5671c08bc6fc33fa5,2023,22,3,Numerical Analysis of Plasmonic Couplers based on Metallic Lens,"['Rubio-Mercedes, Cosme E.', 'cunha, nilson henrique o.', 'Silva, José P.']",2
68a8d2b7671c08bc6fc33fa6,2023,22,3,Assessment of the Illumination and Communication Performance of a Visible Light System in an Indoor Scenario,"['Farfan-Guillen, David Esteban', 'Neves Junior, Paulo de Tarso', 'Pohl, Alexandre de Almeida Prado']",8
68a8d2b9671c08bc6fc33fa7,2023,22,3,Detection of Eyebolt Faults Using a Random Forest Ensemble Model Based on Multiple High-Frequency Electromagnetic Parameters,"['silva filho, hawson v. h.', 'Santos, Renan G. M. dos', 'Barbosa, Douglas C. P.', 'melo, marcos t. de', 'Novo, Lauro R. G. S. Lourenço']",0
68a8d2bb671c08bc6fc33fa8,2023,22,3,Software-Defined Radio Applied to a Shielding Effectiveness Measurement,"['perotoni, marcelo bender', 'Manfrin, Stilante K.', 'Silva, Vinicius F.']",0
68a8d2ff99fc1159dba88f65,2023,22,4,kHz Linewidth Laser Characterization using Low Frequency and Excess Noise Measurements,"['Mahjour, Seyed Saman', 'Rodigheri, Mareli', 'Gallep, Cristiano M.', 'Conforti, Evandro']",1
68a8d30199fc1159dba88f66,2023,22,4,Liquid-level Sensor Using Embedded Fiber Bragg Grating in CFRP Diaphragm,"['Nicolini Junior, Ademir Carlos', 'Pelegrin, Jessé de', 'Kuhn, Gustavo Gomes', 'Martelli, Cicero', 'Silva, Jean Carlos Cardozo da', 'Dreyer, Uilian José', 'Sousa, Kleiton Morais']",1
68a8d30399fc1159dba88f67,2023,22,4,Experimental Evaluation of Through-Wall Detection Using an UWB Radar,"['perotoni, marcelo bender', 'silva, leandro aurelio da', 'Silva, Vinicius F.']",0
68a8d370b27d789c7652435a,2022,21,1,Radiation Efficiency of an Electrically Small Dual-band UHF Microstrip Patch Antenna Using Wheeler Cap Method,"['da silva, wellington g.', 'Campos, Antonio Luiz Pereira de Siqueira', 'guerra, juan r. f.', 'da silva, isaac b. t.']",1
68a8d372b27d789c7652435b,2022,21,1,Semi-analytical Equations for Designing Terahertz Graphene Dipole Antennas on Glass Substrate,"['Garcia, Marcos E. C.', 'Oliveira, Rodrigo M. S. de', 'rodrigues, nilton rodolfo n. m.']",2
68a8d375b27d789c7652435c,2022,21,1,Cascade Modeling of the Measuring System Used to Assess S-Parameters of Anchor Rods on Power Transmission Lines Guyed Towers,"['tarragô, vinícius l.', 'melo, marcos t. de', 'Novo, Lauro R. G. S. Lourenço', 'Barbosa, Douglas C. P.', 'Coutinho, Marcelo. S.', 'de Medeiros, Luiz H. A.', 'Alves, Marcelo M.', 'dos Santos, Renan G. M.', 'Lott Neto, Henrique B. D. T.', 'Gama, Paulo H. R. P.']",1
68a8d377b27d789c7652435d,2022,21,1,Radially Periodic Metasurface Lenses for Magnetic Field Collimation in Resonant Wireless Power Transfer Applications,"['soares, ícaro v.', 'resende, ursula c.']",8
68a8d37ab27d789c7652435e,2022,21,1,Evaluation of the Current in the Cell Membrane for Numerical Simulations of Electroporation,"['Vale, João F. C.', 'Ramírez, Jaime A.']",1
68a8d37db27d789c7652435f,2022,21,1,Bandpass Filter Using SIW Technology in Inductive Window Topology with Low-Cost Substrate FR-4,"['Michalkiewicz, Marcio L.', 'Mariano, Andre A.', 'Dartora, Cesar A.', 'Castaldo, Fernando C.']",1
68a8d37fb27d789c76524360,2022,21,1,MIMO-PLC Communications in an Experimental Medium Voltage Network: Measurement and Analysis,"['Vitor, Ulysses R. C.', 'Cabral, Matheus', 'fonseca, daniel a. b.', 'novo, lauro r. g. s. lourenco', 'Melo, Marcos T. de', 'segatto, marcelo e. v.', 'Machado, Gabriel G.']",2
68a8d381b27d789c76524361,2022,21,1,Series Fed Designs of Planar Circular and Hexagonal Microstrip Antenna Arrays for High Gain and Reduced First Side Lobe Level Radiation,"['Deshmukh, Sanjay B.', 'Deshmukh, Amit A.']",1
68a8d383b27d789c76524362,2022,21,1,A High-Selectivity Bandpass Filter Using Dual-Mode Coupling Resonator,"['Duarte Júnior, José Garibaldi', 'Oliveira, João Guilherme Domingos', 'Silva Neto, Valdemir Praxedes da', 'D’Assunção, Adaildo Gomes']",2
68a8d384b27d789c76524363,2022,21,1,A Low-Cost Smart Surveillance System Applied to Vehicle License Plate Tracking,"['Marconcini, Francis de Melo', 'segatto, marcelo eduardo vieira', 'Salles, Evandro Ottoni Teatini']",3
68a8d386b27d789c76524364,2022,21,1,Multiphysics Design of High-Power Microwave Vacuum Window,"['Marrese, Fabrizio', 'Valletti, Lorenzo', 'Fantauzzi, Stefano', 'Leggieri, Alberto', 'Behtouei, Mostafa', 'Spataro, Bruno', 'Di Paolo, Franco']",6
68a8d388b27d789c76524365,2022,21,1,Phase Adjustment of S-Parameters from Coupled Resonator Filters,"['da silva, leonardo m.', 'melo, marcos t. de', 'santos, marilia g. a. r.', 'serres, alexandre jean rené']",0
68a8d38ab27d789c76524366,2022,21,1,Integrated Antennas on MnM Interposer for the 60 GHz Band,"['lé, joão e. g.', 'ouvrier-buffet, mathilda', 'gomes, leonardo g.', 'penchel, rafael a.', 'serrano, ariana l. c.', 'rehder, gustavo p.']",15
68a8d38cb27d789c76524367,2022,21,1,A 2.4 GHz Coplanar Solar Cell Patch Antenna with a Semi-Analytical Evaluation of Temperature Effects,"['Cambero, Eduardo V. V.', 'Silva, Vinicius S.', 'Paz, Humberto P.', 'Doria, Renan T.', 'Casella, Ivan R. S.', 'Capovilla, Carlos E.']",3
68a8d3a9c26405753ba5139b,2022,21,2,Analysis of Wet Antenna Losses on 11.843 GHz Slant Path in Nigeria and Comparison with Some Tropical Climates,"['abdulrahman, yusuf a. y.']",3
68a8d3abc26405753ba5139c,2022,21,2,Broadband Antennas Based on the Double Moebius Strip,"['Slyusar, Vadym', 'Sliusar, Ihor', 'Sheleg, Sergey']",4
68a8d3aec26405753ba5139d,2022,21,2,A Design of a Compact Microwave Diplexer in Microstrip Technology Based on Bandpass Filters Using Stepped Impedance Resonator,"['farah, mehdi c.', 'salah-belkhodja, faouzi', 'khelil, khaled']",4
68a8d3b0c26405753ba5139e,2022,21,2,Variations of Compact Rectangular Microstrip Antennas Using Defected Ground Plane Structure,"['Kadam, Poonam A.', 'Deshmukh, Amit A.']",12
68a8d3b2c26405753ba5139f,2022,21,2,A Defected Ground Structure Based on Matryoshka Geometry,"['Gomes Neto, Alfredo', 'Silva, Jefferson Costa e', 'Coutinho, Ianes Barbosa Grécia', 'Camilo Filho, Saulo Souto', 'Santos, Danila Araújo', 'Albuquerque, Bruno Lima Cavalcanti de']",12
68a8d3b4c26405753ba513a0,2022,21,2,Frequency Reconfigurable Near-Zero Refractive Index Material for Antenna Gain Enhancement Applications,"['Wang, Ren', 'Tang, Tao', 'Olaimat, Melad M.', 'Liu, Yuanzhi']",2
68a8d3b6c26405753ba513a1,2022,21,2,Estimation and Mapping of the Received Power Level of Digital Signals TV Using Spatial Interpolation Methods,"['Lima, Karoline R.', 'Andrade, Humberto D. de', 'Sombra, Antônio S. B.', 'Sousa, Matheus E. T.', 'Lima, José F. de', 'Fontgalland, Glauco', 'silva, isaac barros tavares da']",1
68a8d3b8c26405753ba513a2,2022,21,2,A Compact Dual-Band Self-Diplexing MIMO Patch Antenna for ISM and X-Band Communications,"['Babu, B. Anil', 'Madhav, B. T. P.', 'srilatha, kantammeni', 'sriram, bonda m. s.', 'hemanth, akula v.']",7
68a8d3bac26405753ba513a3,2022,21,2,Investigate the Effect of Dielectric Properties on Microwave Absorption of Pyramidal Microwave Absorber,"['Vagananthan, Barrathy', 'lee, yeng s.', 'you, kow yeow', 'gan, hong seng', 'wee, fwen h.']",14
68a8d3bbc26405753ba513a4,2022,21,2,,[],0
68a8d409c95a52f12eeb5a00,2022,21,3,Prospects for Developing Low-Cost Optical Fiber Sensors for Liquid-Liquid Interface Detection,"['Góis, Raoni de Freitas', 'Calvalcanti, Gustavo Oliveira', 'Fontana, Eduardo']",0
68a8d40cc95a52f12eeb5a01,2022,21,3,Design and Implementation of Microwave Dual-Band Pass Interdigital Filter Using an Analytical Approach,"['Albik, Moutaz', 'Abboud, Fariz', 'Sarhan, Alaaeddin', 'Alkhoder, Assal']",1
68a8d40ec95a52f12eeb5a02,2022,21,3,Optimization Techniques and Mathematical Modeling Applied to Reluctance Motors,"['Miranda, B.B.', 'malagoli, juliana a.', 'camacho, jose r.']",1
68a8d411c95a52f12eeb5a03,2022,21,3,Determination of Electric and Magnetic Field Calculation Uncertainty in the Vicinity of Overhead Transmission Lines,"['Alihodzic, Ajdin', 'Mujezinovic, Adnan', 'Turajlic, Emir', 'Dedovic, Maja Muftic']",8
68a8d414c95a52f12eeb5a04,2022,21,3,Minas GeraisF Methods for Fixed and Gain Saturated Optically Preamplified FSO Links Impaired by Misalignments and Atmospheric Turbulence,"['Bandele, Jeremiah Oluwatosin']",3
68a8d416c95a52f12eeb5a05,2022,21,3,A Finite-Difference Time-Domain Formulation for Modeling Air Ionization Breakdown Streamers,"['Oliveira, Rodrigo M. S. de', 'Nascimento, Júlio S.', 'Fujiyoshi, Daiyuki M.', 'Lima, Thiago S. de', 'Sena, Anderson J. C.']",4
68a8d418c95a52f12eeb5a06,2022,21,3,A New Miniaturized Low-Profile and Stable Dual-Band FSS with 2.5D Structure for ISM Bands,"['Duarte, Mychael Jales', 'Silva Neto, Valdemir Praxedes da', 'D’Assunção, Adaildo Gomes']",8
68a8d41bc95a52f12eeb5a07,2022,21,3,Efficient Low-Complexity Optimized Channel Estimating Methods for OFDM-Based Low-Voltage Broadband Power Line Communication Systems,"['Akpari, Evans Wilson', 'Nunoo, Solomon', 'Deynu, Faith Kwaku', 'Apprey, Michael Wellington']",5
68a8d432601e3f5cf9af7901,2022,21,4,Simulation of Current Pulses and Sound Waves Resulting from Partial Discharges in a Needle-Plane Geometry in Air,"['Fabris, Luís Victor Muller', 'Silva, Jean Carlos Cardozo da']",14
68a8d436601e3f5cf9af7902,2022,21,4,Electromagnetic Transients in Multiconductor Transmission Lines,"['Coelho, Rooney R. A.', 'Silva Neto, Domingos T. da', 'Cardoso, José Roberto']",1
68a8d438601e3f5cf9af7903,2022,21,4,Equipment for Monitoring Synchronous Generators Condition through External Magnetic Field Waveforms,"['grillo, luis o. s.', 'Wengerkievicz, Carlos A. C.', 'Santos, H. F. dos', 'Batistela, Nelson J.', 'Kuo-Peng, Patrick', 'Sadowski, Nelson', 'matsuo, tiago k.', 'Souza, C. L. de', 'Freitas, L. M. de', 'nascimento, rubens j.']",7
68a8d43b601e3f5cf9af7904,2022,21,4,Methodology to Generate a Reluctance Network Applied to Permanent Magnet Synchronous Generators,"['Kasper, João Vitor Gerevini', 'Kuo-Peng, Patrick', 'Bazzo, Thiago de Paula Machado', 'Menezes, Gustavo Garbelini de']",1
68a8d43d601e3f5cf9af7905,2022,21,4,Design and Simulation of Broadband Horn Nanoantennas for Nanophotonic Applications,"['Brito, Larissa da Silva', 'Felix, Raquel Aline Araújo Rodrigues']",1
68a8d43f601e3f5cf9af7906,2022,21,4,Experimental Loss Segregation in a Solid Rotor Induction Motor,"['Wengerkievicz, Carlos A. C.', 'Batistela, Nelson J.', 'Sadowski, Nelson', 'Huguet, Thomas', 'Lefèvre, Yvan']",4
68a8d441601e3f5cf9af7907,2022,21,4,Microstrip 3-Bit Fractal-based Phase Shifter,"['Pontes, Leon P.', 'Oliveira, E. M. F. de', 'Silva, Crislane P. N.', 'Barboza, Amanda Gomes', 'melo, marcos t. de', 'Llamas-Garro, Ignacio']",3
68a8d443601e3f5cf9af7908,2022,21,4,A Wideband and Wide Axial Ratio Bandwidth Circularly Polarized Antenna Loaded with Circular Ring Slot,"['Patil, Shilpee', 'Verma, Alka', 'Pandey, Anil Kumar', 'Kesarwani, Amit Kumar', 'pandey, vijay kumar', 'Kapse, Vinod M.']",3
68a8d445601e3f5cf9af7909,2022,21,4,A High-Gain Hemispherical Dielectric Lens Antenna Operating Simultaneously in Narrowband or Wideband for X-band Applications,"['Santos, Renan A. dos', 'fré, gabriel l. s.', 'Spadoti, Danilo H.']",1
68a8d447601e3f5cf9af790a,2022,21,4,Single Port Multimode Reconfigurable UWB-NB Antenna for Cognitive Radio Applications,"['Kadam, Bhushan V.', 'Gudino, Lucy J.', 'C. K., Ramesha', 'Rodrigues, Joseph X.']",3
68a8d46a628d78fdd89adf7a,2021,20,1,Deduction of Electric Field Module in a Multilayer of Isotropic Materials to Detect Surface Plasmons with a Graphical User Interface,"['garibello, bernardo', 'martín, yadira']",5
68a8d46b628d78fdd89adf7b,2021,20,1,Analysis of the Resonator Element in Different Positions in the Circular Patch Microstrip Antenna,"['Lima, Adelson Menezes', 'Freitas, João Victor de', 'Lavor, Otávio Paulino']",6
68a8d46e628d78fdd89adf7c,2021,20,1,FD MAC Protocol Design for Co-Existing WLANs in 5G Cellular Networks,"['diakite, souleymane', 'rizo, francisco m.', 'Bandiri, Sabi Y.M.']",1
68a8d470628d78fdd89adf7d,2021,20,1,Omni-Directional Wideband Antenna Array with Solar Cells,"['Ullah, Naveed', 'Tekin, Ahmet']",3
68a8d473628d78fdd89adf7e,2021,20,1,Mathematical Analysis and Improvement of the Maximum Spatial Eigenfilter for Direction of Arrival Estimation,"['lemos, rodrigo p.', 'Silva, Hugo V. L.', 'flores, edna l.', 'kunzler, jonas a.']",1
68a8d475628d78fdd89adf7f,2021,20,1,Damped Jacobi Methods Based on Two Different Matrices for Signal Detection in Massive MIMO Uplink,"['Naceur, Aounallah']",10
68a8d477628d78fdd89adf80,2021,20,1,Bandwidth Enhancement of Microstrip Patch Antenna Using Metasurface,"['Araújo, Felipe Ferreira de', 'Campos, Antonio Luiz Pereira de Siqueira', 'Lira, Ruann Victor de Andrade', 'Gomes Neto, Alfredo', 'd'Assunção, Adaildo Gomes']",11
68a8d478628d78fdd89adf81,2021,20,1,Passively Q-Switched Pulses Generation from Erbium-Doped Fiber Laser Using Lutetium Oxide as Saturable Absorber,"['mohamed, nasir a.', 'hamida, belal a.', 'eltaif, tawfig', 'jafry, afig a. a.', 'harun, sulaiman w.']",2
68a8d47b628d78fdd89adf82,2021,20,1,Non-Ionizing Radiation Analysis in Close Proximity to Antenna Tower: A Case Study in Northeast Brazil,"['Diniz, Andre B. de F.', 'Sousa Jr., Vicente A. de', 'Rodrigues, Marcio E. C.', 'Mendonça, Halysson B.', 'Silva, Gutembergue Soares da', 'Pinheiro, Fred Sizenando Rossiter']",0
68a8d47d628d78fdd89adf83,2021,20,1,IEEE 802.11b/g Practical Assessment Using a Low-Cost Quasi-Yagi Rectenna for Indoor RF Energy Harvesting,"['Silva, Vinícius S.', 'Paz, Humberto P.', 'Cambero, Eduardo V. V.', 'Vicentini, Ricardo M.', 'Martins, Ricardo Q.', 'Capovilla, Carlos E.', 'Casella, Ivan R. S.']",3
68a8d47f628d78fdd89adf84,2021,20,1,Characterization of Otto Chips by Particle Swarm Optimization,"['Silva, Adonias Luna Pereira da', 'Oliveira, Sérgio Campello', 'Cavalcanti, Gustavo Oliveira', 'Almeida Neto, Manoel Alves de', 'Santos, Maria Renata Nascimento dos', 'Llamas-Garro, Ignacio', 'Kim, Jung-Mu', 'Fernandes, Gabriel de Freitas', 'Fontana, Eduardo']",3
68a8d481628d78fdd89adf85,2021,20,1,Low-Overhead Low-Complexity Carrier Phase Recovery Technique for Coherent Multi-Band OFDM-Based Superchannel Systems Enabled by Optical Frequency Combs,"['deynu, faith kwaku', 'akpari, evans wilson', 'Akama, Constant']",2
68a8d483628d78fdd89adf86,2021,20,1,A Parametric Study of Inductive SWIPT Systems Assisted by Metamaterial Using Virtual Magnetic TL-Based Channel Modeling,"['Almeida, Jorge Virgilio de', 'Silva, Eduardo Costa da', 'Mosso, Marbey Manhães', 'Sartori, Carlos Antonio França']",2
68a8d485628d78fdd89adf87,2021,20,1,Comparison Between Three- and Four-coil Wireless Power Transfer Systems with Resonant Coils,"['Moraes, Fábio B. de', 'Abatti, Paulo J.']",3
68a8d4b3dcebf3de66d2ea37,2021,20,2,Wavelength-Selective Near Unity Absorber Based on Fabry-Pérot Nanoresonators,"['Souza, I. L. Gomes de', 'rodríguez-esquerre, vitaly f.']",4
68a8d4b5dcebf3de66d2ea38,2021,20,2,Assessment of Total Attenuation and Adaptive Scheme for Quality of Service Enhancement in Tropical Weather for Satellite Networks and 5G Applications in Nigeria,"['Ojo, Joseph. S.', 'Olurotimi, Elijah .O.', 'Obiyemi, Obiseye.O.']",10
68a8d4b8dcebf3de66d2ea39,2021,20,2,A High Gain Super Wideband Metamaterial Based Antenna,"['Aggarwal, Ishita', 'Pandey, Sujata', 'Tripathy, Malay Ranjan']",20
68a8d4badcebf3de66d2ea3a,2021,20,2,Design and Performance Study of Single and Multi-Layered Fractal Based Miniaturized Patch Antennas for 2.4 GHz Applications,"['Sahoo, Amiya Bhusana', 'Mishra, Guru Prasad', 'Mangaraj, Biswa Binayak']",4
68a8d4bcdcebf3de66d2ea3b,2021,20,2,"Compact, Broadband, and Omnidirectional Antenna Array for Millimeter-Wave Communication Systems","['Liu, Yuanzhi', 'Yagoub, Mustapha C. E.']",11
68a8d4bedcebf3de66d2ea3c,2021,20,2,Lightning Protection Design for Small Riverboats Using the FDTD Method,"['Leal, Adonis F. R.', 'Oliveira, Rodrigo M. S. de', 'Lopes, Nathan M.', 'Lima, Thiago S. de', 'Ferreira, Eduardo R.', 'Rodrigues, Nilton Rodolfo N. M.']",5
68a8d4c0dcebf3de66d2ea3d,2021,20,2,Compact Triple Band Notched Pentagonal Shaped UWB Antenna Loaded with Slots and Parasitic Resonator,"['Kadam, Ameya A.', 'Deshmukh, Amit A.']",7
68a8d4c3dcebf3de66d2ea3e,2021,20,2,Novel Design of a Hybrid Superconducting Fault Current Limiter with Controlled Solid-State Device,"['Miyamoto, Henrique K.', 'Queiroz, André T.', 'Dias, Daniel H. N.', 'França, Bruno W.', 'Sass, Felipe', 'Sotelo, Guilherme G.']",6
68a8d4c4dcebf3de66d2ea3f,2021,20,2,YIG Matrix Based Multiband Magneto-Dielectric Cylindrical Resonator Antenna,"['Costa, Andrécia Pereira da', 'Fontgalland, Glauco', 'Gomes Neto, Alfrêdo', 'Sombra, Antônio Sérgio B.']",3
68a8d4c7dcebf3de66d2ea40,2021,20,2,On the Use of UTD-Based Models for RF Path Loss Prediction Due to Diffraction on a Forest-Covered Ridge,"['Costa, Felipe M. da', 'Ramirez, Luis A. R.', 'Dias, Maurício H. C.']",4
68a8d4c9dcebf3de66d2ea41,2021,20,2,Short Circuit and Recovery Time Tests in a helical bifilar R-SFCL module,"['Rocha, Luís M. M.', 'Polasek, Alexander', 'Sotelo, Guilherme G.', 'dias, daniel h. n.', 'Borba, Bruno S. M. C.', 'Fernandes, David P.']",1
68a8d4cbdcebf3de66d2ea42,2021,20,2,Utilizing the Shift-or-Shrink Algorithm to Optimize the Direct Coupling from Laser Diodes to Diffused Channel Waveguides,"['Chung, Cheng-Hsiao', 'Chien, Chien-Hui', 'Wu, Yi-Xuan', 'Hung, Chun-Ming', 'Lee, Keh-Yi']",0
68a8d4cddcebf3de66d2ea43,2021,20,2,Analysis Tool for Passive Optical Access Network,"['pinho, pedro', 'camacho, daniel']",2
68a8d4cfdcebf3de66d2ea44,2021,20,2,C-Band Monopulse Planar Array and Feeding Network,"['perotoni, marcelo bender', 'Tavares, Sergio', 'Sanches, Bruno C. de S.', 'Silva, Walter Junior', 'Kofuji, Sergio T.']",0
68a8d4d1dcebf3de66d2ea45,2021,20,2,Meshless Methods for Computation of Overhead Transmission Lines Electromagnetic Fields,"['ribeiro, gustavo c.', 'coppoli, eduardo h. r.', 'Paganotti, André L.', 'ortiz, luilly a. g.']",2
68a8d4d3dcebf3de66d2ea46,2021,20,2,Proposed Technique of Analysis for Absorber/Transmitter Frequency Selective Surfaces,"['Santos, Eliel P. dos', 'Campos, Antonio Luiz Pereira de Siqueira', 'Gomes Neto, Alfredo', 'Silva, Maurício W. B.']",5
68a8d562ffb7911547822198,2021,20,3,Adjusting Large-Scale Propagation Models for the Amazon Region Using Bioinspired Algorithms at 1.8 and 2.6 GHz Frequencies,"['Carvalho, Andre A. P. de', 'batalha, iury s.', 'alcântara neto, miércio c. de', 'Castro, B. L', 'barros, fabricio jose brito', 'Araujo, Jasmine P. L.', 'cavalcante, gérvasio p. s.']",9
68a8d564ffb7911547822199,2021,20,3,Recovering Suppressed Resonance Frequency by Bias Lines in Reconfigurable FSS,"['Gomes Neto, Alfredo', 'Silva, Jefferson Costa e', 'Fernandes, Diego Cassio Garcia', 'Duarte, Laryssa Maria de Sousa', 'Morais, Gabryel Jerônimo de']",0
68a8d567ffb791154782219a,2021,20,3,Circular Waveguide Polarizer for Weather Radars and Satellite Information Systems,"['Piltyay, Stepan']",27
68a8d569ffb791154782219b,2021,20,3,SIW Based Cavity Backed Self-Quadplexing Slot Antenna,"['Nigam, Padmini', 'Muduli, ARio de Janeirouna', 'Sharma, Sandeep', 'Pal, Amrindra']",8
68a8d56affb791154782219c,2021,20,3,A LiDAR Architecture Based on Indirect ToF For Autonomous Cars,"['silva, luis cicero bezerra da', 'Sodré Junior, Arismar Cerqueira']",4
68a8d56cffb791154782219d,2021,20,3,Corrosion Sensor Using Metallic Double Layer in Optical Fiber,"['Oliveira, Hebio J. B. de', 'Silva Jr, Elias A.', 'Alves, Henrique P.', 'nascimento, jehan fonseca do', 'Vilela-Leão, Luis H.', 'Gonçalves, Charlie S.', 'Martins Filho, Joaquim F.']",2
68a8d56fffb791154782219e,2021,20,3,Entire-Domain Basis Function with Segmented Edge Condition Applied for Scattering Structures,"['Schlosser, Edson R.', 'Heckler, Marcos V. T.', 'Bergmann, José R.']",0
68a8d571ffb791154782219f,2021,20,3,SDR-Based Spectrum Analyzer Based in Open-Source GNU Radio,"['perotoni, marcelo bender', 'santos, kenedy marconi g.']",27
68a8d573ffb79115478221a0,2021,20,3,Angle of Incidence and Polarization Insensitive Ultra-Thin Ultra Wide-Band Metamaterial Absorber based on Novel Non-Linearity in Unit Cell Design,"['Agrawal, Alkesh', 'Misra, Mukul']",8
68a8d576ffb79115478221a1,2021,20,3,"Tri-Band, Stable and Compact Patch Frequency Selective Surface Optimized via Hybrid Bioinspired Computing for Applications at 2.4, 3.5 and 5.8 GHz","['Ferreira, Flávio H. C. S.', 'Araújo, Jasmine P. L.', 'Gomes Neto, Alfredo', 'coutinho, ianes barbosa grecia', 'Barros, Fabrício J. B.', 'Cavalcante, Gervásio P. S.', 'Alcântara Neto, Miércio C. de']",2
68a8d578ffb79115478221a2,2021,20,3,Analysis of D-Shaped Optical Fiber based Corrosion Sensor Using LMR and SPR Effects,"['Silva Júnior, Valdemir M. da', 'nascimento, jehan fonseca do', 'Martins Filho, Joaquim F.']",9
68a8d57affb79115478221a3,2021,20,3,Bioimpedance Calculation Considering Spherical Anomalies,"['Coelho, Rooney R. A.', 'Cardoso, José Roberto']",0
68a8d57cffb79115478221a4,2021,20,3,Optical Inclinometer Based on a LPG-Taper Series Configuration,"['Faraco Filho, Renato Luiz', 'Santos, Alexandre Bessa dos', 'Barbero, Andrés Pablo López', 'Silva, Vinicius Nunes Henrique']",7
68a8d57dffb79115478221a5,2021,20,3,Generator Systems for Optical Subcarriers Based on Ring Resonator in Series and Parallel with Phase Modulation,"['Nogueira, José Danilo da Silva', 'Fonseca Neto, João Pinto da', 'Silva, João Batista Rosa']",0
68a8d57fffb79115478221a6,2021,20,3,Material Selection for Axial Magnetization of a Gyromagnetic NLTL for Space Applications,"['Teixeira, André F.', 'Yamasaki, Fernanda S.', 'Rossi, José O.', 'Barroso, Joaquim J.', 'Greco, Ana Flâvia G.', 'Nono, Daniel A.', 'Nono, Maria C. A.', 'Rangel, Elizete G. L.', 'Schamiloglu, Edl']",4
68a8d581ffb79115478221a7,2021,20,3,Positioning Analysis of HF Monopole Antennas on a Frigate,"['assumpção, fabiano c. s.', 'dias, maurício h. c.']",1
68a8d583ffb79115478221a8,2021,20,3,Efficiency Determination of Compressor Embedded Induction Motors,"['Wengerkievicz, Carlos A. C.', 'Mazzola, Cristian F.', 'Sadowski, Nelson', 'Batistela, Nelson J.', 'Silva, Ernane', 'Deschamps, Cesar J.']",1
68a8d585ffb79115478221a9,2021,20,3,A Novel Mode-Matching Formulation of Multifurcated Waveguide Junctions,"['Rosa, Guilherme S.']",3
68a8d5c03d29935562548477,2021,20,4,Artificial Intelligence Techniques Evaluation for Modulation Format Identification in Optical Networks,"['Souza, André Luiz Nunes de', 'Sutili, Tiago', 'Cruz Júnior, José Hélio da', 'Figueiredo, Rafael Carvalho']",1
68a8d5c23d29935562548478,2021,20,4,Methodology for Minimizing Electric Field at Ground Level from Transmission Lines Using Sensitivity Analysis,"['Paganotti, André L.', 'saldanha, rodney r.', 'Lisboa, Adriano C.', 'afonso, matias m.', 'Melo, Marcilio Q.', 'schroeder, marco a. o.']",5
68a8d5c53d29935562548479,2021,20,4,Development of Reconfigurable Frequency Selective Surface Associating Cross Dipoles and Matryoshka Geometries,"['Gomes Neto, Alfredo', 'Silva, Jefferson Costa e', 'Coutinho, Ianes Barbosa Grécia', 'Fernandes, Diego Cássio Garcia', 'Duarte, Laryssa Maria de Sousa', 'Barboza, Amanda Gomes']",4
68a8d5c73d2993556254847a,2021,20,4,Broadband Channel Characterization in Wooded Environment in the 26 GHz Band,"['Silva, Jean Carneiro da', 'Silva, Diego Kasuo Nakata da', 'Eras, Leslye Estefania Castro', 'Souza, Nadson Welkson Pereira de', 'Cruz, André Felipe Souza da', 'Costa, Emanoel']",2
68a8d5c93d2993556254847b,2021,20,4,An Analysis of Minor Hysteresis Loops Behavior under PWM Voltage - Electromagnetic Device at No-Load and Loaded Conditions,"['Elias, Ricardo de A.', 'Wengerkievicz, Carlos A. C.', 'Souza Reis, Guilherme H.', 'Sadowski, Nelson', 'Batistela, Nelson J.', 'Bastos, João Pedro A.']",0
68a8d5cb3d2993556254847c,2021,20,4,A New Method for Iron Loss Separation,"['mendes, filomena barbosa r.', 'Suárez, Fredy M. S.', 'Batistela, Nelson J.', 'Leite, Jean V.', 'Sadowski, Nelson', 'Bastos, João Pedro A.']",0
68a8d5cd3d2993556254847d,2021,20,4,Design of an Antipodal Vivaldi Antenna Focusing on Constructional Aspects,"['Cabral, David S.', 'manera, leandro tiago', 'Zoccal, Leonardo B.', 'Ferreira, Daniel B.', 'Prudenzano, Francesco']",17
68a8d5cf3d2993556254847e,2021,20,4,Multi-Symmetric Level (MSL) Optimization Technique Based on Genetic Algorithm for Photonic Devices Design,"['Gonçalves, Marcos S.', 'Silva-Santos, Carlos H.', 'Ferraz Júnior, Wilton M.', 'Arnold, Francisco J.']",1
68a8d5d03d2993556254847f,2021,20,4,Implementation of a Spectrum Analyzer Using the Software-Defined Radio Concept,"['Freitas, Paulo V. A.', 'Hanthequeste, Ruan F.', 'Orofino, Gabriel B. A.', 'castellanos, pedro gonzalez', 'Canavitsas, Ângelo A. C.', 'Bentes, Robson C.']",3
68a8d5d23d29935562548480,2021,20,4,"A Low Cost, High-Reliability Receiver System for Reading Passive RFID Tags","['Oliveira, Nicollas R. de', 'Boaventura, Lucas P.', 'Ferreira, Tadeu N.', 'Magri, Vanessa P. R.', 'Pereira, Jacqueline S.', 'Mattos, Diogo M. F.']",2
68a8d5d43d29935562548481,2021,20,4,Electro-Optical Modulator Requirements for 1 Tb/s per Channel Coherent Systems,"['Rossi, Sandro Marcelo', 'Sutili, Tiago', 'Souza, Andre Luiz Nunes de', 'Figueiredo, Rafael Carvalho']",4
68a8d5d63d29935562548482,2021,20,4,Reconfigurable Filtenna using Varactor Diode for Wireless Applications,"['Araujo, Jorge A. I.', 'Oliveira, Marta R. T.', 'cavalcanti filho, pedro h. b.', 'Silva, Crislane P. N.', 'coutinho, marcelo s.', 'Melo, Marcos T. de', 'Llamas-Garro, Ignacio', 'Barboza, Amanda Gomes']",8
68a8d5d93d29935562548483,2021,20,4,Design of FSS Based Radome Wall for Airborne Radar Application,"['Pandhare, Rashmi A.', 'Lohar, Fateh Lal', 'Dhote, Chandresh', 'Solunke, Yogesh']",18
68a8d5da3d29935562548484,2021,20,4,Improved Multiobjective Optimization for Cellular Base Stations Positioning,"['Lopes, Ramz L. Fraiha', 'Gomes, Igor R.', 'Gomes, Cristiane R.', 'Gomes, Herminio S.', 'Cavalcante, Gervásio P. S.']",4
68a8d5dc3d29935562548485,2021,20,4,Mathematical Model of a Square Waveguide Polarizer with Diaphragms,"['Bulashenko, Andrew', 'Piltyay, Stepan', 'Bulashenko, Oleksandr']",19
68a8d65e500e04718a68c8ef,2020,19,1,Transverse Load Discrimination in Long-Period Fiber Grating via Artificial Neural Network,"['barino, felipe o.', 'delgado, felipe s.', 'Santos, Alexandre Bessa dos']",0
68a8d660500e04718a68c8f0,2020,19,1,QoS and QoE Aware Routing Protocol for Flying Ad-Hoc Surveillance Networks Using Fuzzy Inference Systems,"['Souza, Jorge', 'Jailton, José', 'Carvalho, Tássio', 'Araújo, Jasmine P. L.', 'Francês, Renato']",6
68a8d662500e04718a68c8f1,2020,19,1,Modified Ring Power Divider Using Stepped-Impedance Resonator,"['Barakat, Rabih', 'Nerguizian, Vahe', 'Hammou, Djilali', 'Tatu, Serioja Ovidiu']",9
68a8d664500e04718a68c8f2,2020,19,1,Inverse Design of Tapers by Bio-Inspired Algorithms,"['Sisnando, Anderson Dourado', 'Esquerre, Vitaly Félix Rodriguez', 'Vieira, Luana da França', 'Rubio-Mercedes, Cosme E.']",3
68a8d666500e04718a68c8f3,2020,19,1,Electromagnetic Energy Harvesting Using a Glass Window,"['Gonçalves, Yan S.', 'Resende, Ursula C.', 'Soares, Ícaro V.']",6
68a8d668500e04718a68c8f4,2020,19,1,Analysis and Optimization of Ultra-Low-Power Rectifier with High Efficiency for Applications in Wireless Power Transmission and Energy Harvesting,"['Silva, Raphaella Luiza Resende da', 'Gonçalves, Sandro Trindade Mordente', 'Vollaire, Christian', 'Bréard, Arnaud', 'Ramos, Gláucio Lopes', 'Rego, Cássio Gonçalves do']",11
68a8d669500e04718a68c8f5,2020,19,1,Characterization of the Dielectric Properties of the Tommy Atkins Mango,"['Silva Júnior, Paulo F.', 'Santana, Ewaldo E. C.', 'Pinto, Mauro S. Silva', 'Andrade, Everson P.', 'Carvalho, Joabson N.', 'freire, raimundo carlos silverio', 'Oliveira, Maciel Alves de', 'Oliveira, Elder E. Carneiro de']",0
68a8d66b500e04718a68c8f6,2020,19,1,3.4/4.0 GHz Tunable Resonant Cavity in SIW Technology Using Metal Post and PIN Diode on a Low-Cost Biasing Network for 5G Applications,"['Caleffo, Ricardo Caranicola', 'Correra, Fatima Salete']",6
68a8d66d500e04718a68c8f7,2020,19,1,Physics-Based Design of Microstrip Magnetic Dipoles Using Cavity Model,"['Ferreira, Daniel B.', 'Bianchi, Ildefonso', 'Paula, Cristiano B. de']",1
68a8d66f500e04718a68c8f8,2020,19,1,Mutual Coupling Reduction in Phased Array Antennas Applying High-Impedance Surface at X Band,"['Araújo, José Bruno O. de', 'Souza, Vanessa P. R. Magri', 'Ferreira, Tadeu N.', 'Matos, Leni J. de', 'Siqueira, Gláucio Lima', 'souza, jorge', 'Silva, Maurício W. B.']",5
68a8d672500e04718a68c8f9,2020,19,1,Sixteenth-Mode Substrate-Integrated-Waveguide (SMSIW) Resonator for Dielectric Characterization of Liquid Mixtures,"['Siabah, Fatima Zohra', 'Grine, Farouk', 'Benhabiles, Mohamed Taoufik', 'Riab, Mohamed Lahdi']",5
68a8d69137ec37abe7056669,2020,19,2,Ground-Penetrating Radar Antenna Design for Homogeneous and Low-Loss Dielectric Multilayer Media,"['africano, maria', 'vargas, josé o.', 'Adriano, Ricardo L. da S', 'oliveira, diogo b.', 'Lisboa, Adriano C.']",8
68a8d69337ec37abe705666a,2020,19,2,Project and Analysis of Quasi-Periodic PBG for Microstrip Antenna,"['Guimarães, Ádller de O.', 'Barreto, Tarcisio S.', 'Silva, José P.', 'Sena, Francisco C. B. de', 'Pinheiro, Jonathan P. P.', 'Lavor, Otávio P.']",0
68a8d69537ec37abe705666b,2020,19,2,Dielectric and Magnetic Properties of Epoxy with Dispersed Iron Phosphate Glass Particles by Microwave Measurement,"['Seng, Sim Man', 'You, Kok Yeow', 'Esa, Fahmiruddin', 'Mayzan, Mohd Zul Hilmi']",6
68a8d69837ec37abe705666c,2020,19,2,GO Synthesis of Offset Dual Reflector Antennas Using Local Axis-Displaced Confocal Quadrics,"['Assis, Aline R.', 'Moreira, Fernando J. S.', 'Bergmann, José R.']",7
68a8d69937ec37abe705666d,2020,19,2,Spatial Diversity Effect on the Experimental Gain of Capacity of the Outdoor Mobile Radio Channel in the 700 MHz Band,"['pinna, paula a.', 'Santos, Andrea L.', 'matos, leni j. de', 'castellanos, pedro gonzalez', 'oliveira, fernando j.', 'Siqueira, Gláucio Lima']",1
68a8d69b37ec37abe705666e,2020,19,2,A Novel Dielectric Slab Antenna Based on Microstrip-Franklin Excitation for mm-Waves,"['Boas, E. C. Vilas', 'Alves, Andrea a. c.', 'ribeiro, josé antônio justino', 'Sodré Junior, Arismar Cerqueira']",7
68a8d69d37ec37abe705666f,2020,19,2,Higher Order Mode Attenuation in Microstrip Patch Antenna with DGS H Filter Specification from 5 to 10 GHz Range,"['Souza, Francisco Ary Alves de', 'Campos, Antonio Luiz Pereira de Siqueira', 'Gomes Neto, Alfredo', 'Serres, Alexandre Jean René', 'Albuquerque, Camila Caroline Rodrigues de']",17
68a8d69f37ec37abe7056670,2020,19,2,Synthesis and Mechanical Reconfiguration of Ground Plane Tilted Microstrip Antennas Based on Tetra-Circle Fractals,"['Duarte, Mychael Jales', 'Silva Neto, Valdemir P. da', 'D'Assunção, Adaildo Gomes']",5
68a8d6a037ec37abe7056671,2020,19,2,Transistor Avalanche Non-Coherent Pulse Generator,"['perotoni, marcelo bender', 'Silva, Samuel N. N.', 'silva, leandro aurelio da', 'Oliveira, Alexandre M. de']",0
68a8d6a237ec37abe7056672,2020,19,2,GPU Finite Element Method Computation Strategy Without Mesh Coloring,"['Amorim, Lucas', 'Goveia, Thiago', 'Mesquita, Renato', 'Baratta, Igor']",11
68a8d6a437ec37abe7056673,2020,19,2,A Novel Tri-bandpass Filter Side-coupled Square Ring Based,"['Duarte Júnior, José Garibaldi', 'Silva Neto, Valdemir Praxedes da']",1
68a8d6a637ec37abe7056674,2020,19,2,Large-Scale Analysis and Modeling for Indoor Propagation at 10 GHz,"['Lopes, Andréia V. R.', 'Batalha, Iury S.', 'Gomes, Cristiane R.']",3
68a8d6ba6e82458ad1160dee,2020,19,3,Optical Fiber Coupler Analysis Using Daubechies Wavelets,"['da silva, paulo c. l.', 'melo, reuber r. de', 'Silva, José P.']",4
68a8d6bb6e82458ad1160def,2020,19,3,High-Speed Pulse Sequences through Semiconductor Optical Nonlinear Amplification and Buried Fiber Propagation,"['Barrientos, Ernesto M. M.', 'Conforti, Evandro']",1
68a8d6bd6e82458ad1160df0,2020,19,3,Effects of an FSS Reflector on a Microstrip Line Fed Bow-Tie Slot Antenna,"['Brito, Augusto César Rebouças de', 'Abreu, Antonio Salvio de', 'D'Assunção, Adaildo Gomes', 'Peixeiro, Custódio']",5
68a8d6c56e82458ad1160df1,2020,19,3,Effect of Metamaterial Cells Array on a Microstrip Patch Antenna Design,"['Lima, Adelson Menezes', 'Cunha, Nilson Henrique O.', 'Silva, José P.']",22
68a8d6c76e82458ad1160df2,2020,19,3,"A Compact, Wideband, Dual Polarized CPW-Fed Asymmetric Slot Antenna for Wireless Systems","['Patil, Shilpee', 'Pandey, Anil Kumar', 'Pandey, Vijay Kumar']",9
68a8d6c86e82458ad1160df3,2020,19,3,Double Patch Antenna Array for Communication and Out-of-band RF Energy Harvesting,"['Silva, Vinícius S.', 'Paz, Humberto P.', 'Cambero, Eduardo V. V.', 'Pereira, Emerson T.', 'Casella, Ivan R. S.', 'Capovilla, Carlos E.']",14
68a8d6ca6e82458ad1160df4,2020,19,3,Compact Ultra-Wide-Band HI Monopole Antenna Loaded with C-Shaped Parasitic Elements for DVB-T and LTE Applications,"['alcântara neto, miércio c. de', 'Cavalcante, Gervásio P. S.', 'de Oliveira, Rodrigo M. S.', 'Ribeiro, Fábio F.', 'Ferreira, Flávio H. C. S.', 'Barros, Fabrício J. B.', 'de Almeida, José F. S.']",0
68a8d6cd6e82458ad1160df5,2020,19,3,High Efficiency Continuous Inverse Class-F Power Amplifier with Modified Current Waveform,"['Ali, Firas M.', 'Al-Muifraje, Mahmuod H.', 'Saeed, Thamir R.']",3
68a8d6cf6e82458ad1160df6,2020,19,3,A Novel Fully Integrated 4-Bit IFM Subsystem Using Band-Stop Filters,"['Souza, S. R. O de', 'Souza, M. F. A de', 'Pontes, Leon P.', 'melo, marcos t. de', 'Llamas-Garro, Ignacio']",1
68a8d6d16e82458ad1160df7,2020,19,3,Error Analysis of the Numerical Method for Correcting the Propagation of EM waves in the Troposphere,"['Liu, Yuanzhi', 'Tang, Tao', 'Liu, Guo', 'olaimat, melad']",4
68a8d6d36e82458ad1160df8,2020,19,3,Modeling the Resonant Behavior of Continuously Reconfigurable FSS Based on Four Arms Star Geometry,"['Gomes Neto, Alfredo', 'Silva, Jefferson Costa e', 'Barboza, Amanda Gomes', 'Coutinho, Ianes Barbosa Grécia', 'Alencar, Marina de Oliveira', 'Andrade, Mylenna Correia de']",4
68a8d77188be042697fc3c5d,2020,19,4,Optimum Positioning of Base Station for Cellular Service Devices Using Discrete Knowledge Model,"['Gomes, Cristiane R.', 'Gomes, Igor R.', 'Lopes, Ramz L. Fraiha', 'Gomes, Herminio S.', 'Cavalcante, Gervásio P. S.']",6
68a8d77388be042697fc3c5e,2020,19,4,Synthesis of Sparse Arrays Based On CIGA (Convex Improved Genetic Algorithm),"['Li, Jianxiong', 'Ren, Shuang', 'Guo, Cuijuan']",6
68a8d77688be042697fc3c5f,2020,19,4,Multi-Step-Ahead Spectrum Prediction for Cognitive Radio in Fading Scenarios,"['Elias, Felipe G. M.', 'Fernández, Evelio M. G.', 'Reguera, Vitalio A.']",10
68a8d77888be042697fc3c60,2020,19,4,Optical Fiber Spool Acoustic Wave Resonances Employing a Mach-Zehnder Interferometer in Vacuum Chamber,"['Rodigheri, Mareli', 'Galdieri, Flávio José', 'Sutili, Tiago', 'Conforti, Evandro']",0
68a8d77a88be042697fc3c61,2020,19,4,Wide Band Stop Response Using Interdigital Capacitor/CSRR DGS in Elliptical Microstrip Low-Pass Filter,"['Singhal, Dristi', 'Singh, Shreyanshi', 'Kaushal, Vipul', 'Birwal, Amit', 'Patel, Kamlesh']",4
68a8d77c88be042697fc3c62,2020,19,4,Grating Lobes Suppression in Frequency Selective Surfaces Using Electromagnetic Band Gap with Square Holes,"['Bezerra, Tiago dos Santos', 'Campos, Antonio Luiz Pereira de Siqueira', 'Lira, Ruann Victor de Andrade', 'Gomes Neto, Alfredo']",1
68a8d77e88be042697fc3c63,2020,19,4,Metamaterial-Fractal-Defected Ground Structure Concepts Combining for Highly Miniaturized Triple-Band Antenna Design,"['annou, abderrahim', 'berhab, souad', 'chebbara, fouad']",27
68a8d81183a2f546712295eb,2019,18,1,Investigation of Thermal Effects in Coaxial Probe Method and Dielectric Characterization of Glycerol up to 140°C,"['Campos, Deibnasser C.', 'Santos, José C. A.', 'Borges, Luiz E. P.']",11
68a8d81383a2f546712295ec,2019,18,1,Crescent Shape Microstrip Antenna for Dual polarized Multi-band Response,"['Deshmukh, Amit A.', 'Verma, Priyanka']",3
68a8d81583a2f546712295ed,2019,18,1,Dumbbell Shaped Microstrip Broadband Antenna,"['Baudha, Sudeep', 'Garg, Harshit', 'Yadav, Manish Varun']",46
68a8d81883a2f546712295ee,2019,18,1,An Amorphous Silicon Photo TFT with Si3N4/Al2O3 or HfO2 Double Layered Insulator for Digital Imaging Applications,"['Belkacemi, Siham', 'Hafdi, Zoubeida']",0
68a8d81a83a2f546712295ef,2019,18,1,Compact Filtenna for WLAN Applications,"['Hosain, Md Maqubool', 'Kumari, Sumana', 'Tiwary, Anjini Kumar']",14
68a8d81c83a2f546712295f0,2019,18,1,Highly birefringent do-octagonal photonic crystal fibers with ultra flattened zero dispersion for supercontinuum generation,"['Kumar, Pranaw', 'Fiaboe, Kokou Firmin', 'Roy, Jibendu Sekhar']",12
68a8d81e83a2f546712295f1,2019,18,1,Ray Tracing and Applications to an Evaporation Duct Model Based on Data from Oceanographic Buoy Sensors,"['Freitas, Leonardo L.', 'Costa, Emanoel']",7
68a8d82083a2f546712295f2,2019,18,1,Theoretical Study of Plasmonically Induced Transparency Effect in Arrays of Graphene-Based Double Disk Resonators,"['Portela, Gianni', 'Dmitriev, Victor', 'Oliveira, Cristiano', 'Castro, Wagner']",6
68a8d82283a2f546712295f3,2019,18,1,Optimization of Planar Antenna Arrays Using the Firefly Algorithm,"['Yoshimoto, Eduardo', 'Heckler, Marcos V. T.']",31
68a8d8f19bc711ed4fb853f7,2019,18,2,Two-Level Allocation for H-CRAN Architecture Based in Offloading,"['Gonçalves, Mariane de Paula da Silva', 'Leto, Matheus Barros', 'Vieira, Rafael Fogarolli', 'Barros, Fabrício José Brito', 'Cardoso, Diego Lisboa']",0
68a8d8f39bc711ed4fb853f8,2019,18,2,Synthesis of New Reconfigurable Limited Size FSS Structures Using an Improved Hybrid Particle Swarm Optimization,"['Lacouth, Patric', 'D’Assunção, Adaildo Gomes', 'Gomes Neto, Alfredo']",10
68a8d8f59bc711ed4fb853f9,2019,18,2,Quad-Band Printed Antenna for Portable WLAN Applications,"['Seko, Murilo H.', 'correra, fatima salete']",0
68a8d8f79bc711ed4fb853fa,2019,18,2,Three-Dimensional Reciprocal Invisibility Cloak with Multilayered Structure,"['Xuan, Yanglu', 'Xu, Xinhe']",5
68a8d8f99bc711ed4fb853fb,2019,18,2,Frequency Domain Interleaving for Dense WDM Passive Optical Network,"['Coelho, Diogo V N', 'Marciano, Pablo', 'Coelho, Thiago V. N.', 'segatto, marcelo eduardo vieira', 'Pontes, Maria Jose']",4
68a8d8fb9bc711ed4fb853fc,2019,18,2,A New Technique Using Axially Slotted Microstrip Line for Antenna Impedance Matching Designs,"['Silva, André N. da', 'Carvalho, Rafaela G. G. de', 'D’Assunção, Adaildo Gomes', 'D’Assunção, Adaildo Gomes']",3
68a8d8fc9bc711ed4fb853fd,2019,18,2,Study and Optimization of Raman Amplifiers in Tellurite-Based Optical Fibers for Wide-Band Telecommunication Systems,"['Andrade, G. D. de', 'Rocha, H. R. de O.', 'segatto, marcelo eduardo vieira', 'Pontes, Maria José', 'castellani, carlos eduardo s.']",4
68a8d8fe9bc711ed4fb853fe,2019,18,2,A New Conductive Ink for Microstrip Antenna and Bioinspired FSS Designs on Glass and Fiberglass Substrates,"['Mesquita, Marcelo David S.', 'D’Assunção, Adaildo Gomes', 'Oliveira, João Bosco L.', 'Batista, Yuri Max Vieira']",17
68a8d9009bc711ed4fb853ff,2019,18,2,A 50Ω Microstrip Line Fed Shorted Hexagonal Microstrip Antennas with Reduced Cross-Polarization,"['rathod, shivraj m.', 'awale, raval n.', 'ray, kamla p.']",4
68a8d9029bc711ed4fb85400,2019,18,2,Performance Analysis of X Band Horn Antennas using Additive Manufacturing Method Coated with Different Techniques,"['Chuma, Euclides L.', 'Iano, Yuzo', 'Roger, Leonardo L. Bravo', 'Scroccaro, Mathias', 'Frazatto, Felipe', 'Manera, Leandro Tiago']",12
68a8d9049bc711ed4fb85401,2019,18,2,Wideband Pattern Reconfigurable Printed-Yagi Antenna Array Based on Feed Structure,"['Sun, Fukun', 'Zhang, Fushun', 'Feng, Chaoqiang']",5
68a8d9059bc711ed4fb85402,2019,18,2,A Novel Fractal Multi-band Frequency Selective Surface,"['Fallah, Mahmoud', 'Nazeri, Amir Hossein', 'Azadkhah, Mohammad Reza']",15
68a8d9089bc711ed4fb85403,2019,18,2,Compact Broadband High-Directivity Microstrip Directional Coupler,"['Fabiani, Bernardo M.', 'Sakomura, Eduardo S.', 'Gripp, Tarcisio A. B.', 'Nascimento, Daniel C.']",7
68a8d9099bc711ed4fb85404,2019,18,2,A System to improve the management of 5G and IoT Networks by determining the Mobile Position,"['Faria, Décio Rennó de M.', 'Santos, Renan A. dos', 'santos, kenedy marconi g.', 'Spadoti, Danilo H.']",6
68a8d90c9bc711ed4fb85405,2019,18,2,Generation of Non-diffraction Vortex Beam and Its Application in Digital Communication,"['Huang, Han', 'Yu, Yanzhong']",1
68a8d9c2aee3ca3277f7f4ab,2019,18,3,Utilizing Shift-or-Shrink Method to Optimize Multisegment Structures of Bent Optical Waveguides,"['Lu, Ruei-Chang', 'Lee, Keh-Yi']",1
68a8d9c4aee3ca3277f7f4ac,2019,18,3,Double Layer Frequency Selective Surface for Ultra Wide Band Applications with Angular Stability and Polarization Independence,"['Segundo, Francisco C. G. da Silva', 'Campos, Antonio Luiz Pereira de Siqueira', 'Gomes Neto, Alfredo', 'Alencar, Marina de Oliveira']",10
68a8d9c7aee3ca3277f7f4ad,2019,18,3,Electromagnetic Core Analysis of a DFIG State-Feedback Power Controller,"['murari, andre l. l. f.', 'altuna, jose a. t.', 'chirapo, karlos a. c.', 'Pelizari, Ademir', 'sguarezi, alfeu j.']",2
68a8d9c9aee3ca3277f7f4ae,2019,18,3,On-load Back-EMF Optimization Based on the Back-EMF MST Method and Parametric Optimization,"['Jesus, Luiz Henrique Reis de', 'Paula, Geyverson Teixeira de', 'Brito, Leonardo da Cunha']",2
68a8d9cfaee3ca3277f7f4af,2019,18,3,Investigation on Metamaterial Antenna for Terahertz Applications,"['Devapriya, Amalraj Taksala', 'Robinson, Savarimuthu']",75
68a8d9f6aee3ca3277f7f4b0,2019,18,3,Simulation and Design of a Bandpass Filter Based on Substrate Integrated E-Plane Waveguide,"['Costa, Claudio P.', 'D’Assunção, Adaildo G.', 'Nascimento, Hélder C.', 'D'Assunção, Adaildo G.']",4
68a8d9f8aee3ca3277f7f4b1,2019,18,3,Study of Patch Antennas with Koch Curve Form Slots,"['fonseca, daniel a. b.', 'Pereira, Feliphe', 'Vitor, Ulysses R. C.']",9
68a8d9faaee3ca3277f7f4b2,2019,18,3,Comparison and Combination of Techniques for Determining the Parameters of a Magnetic Hysteresis Model,"['mendes, filomena barbosa r.', 'Leite, Jean V.', 'Batistela, Nelson J.', 'Sadowski, Nelson', 'Suárez, Fredy M. S.', 'Barros, João P. de']",4
68a8d9fcaee3ca3277f7f4b3,2019,18,3,Influence of Vegetation on the Outdoor-to-Indoor Mobile Radio Propagation in 700 MHz Band,"['Ribeiro, Leonardo G.', 'matos, leni j. de', 'castellanos, pedro gonzalez', 'Moura, Matheus B.', 'Mota, Vitor L. G.', 'Meza, Wyliam D. T.']",8
68a8d9feaee3ca3277f7f4b4,2019,18,3,Channel Characteristics for Fixed and Portable DTV Reception in a Single Frequency Network,"['Guerra, Maurício V.', 'Filho, Jair L. de A.', 'ron, carlos rodriguez vinicio', 'mello, luiz alencar reis da silva', 'castellanos, pedro gonzalez']",5
68a8da21274dccb3345d7466,2019,18,4,Smart Graphene-Based Frequency Selective Surface Designed to Act as Single or Dual Band Device with Reconfigurable Operation Bands,"['Oliveira, Rodrigo M. S. de', 'Paiva, Rodrigo R.', 'rodrigues, nilton rodolfo n. m.', 'Elias, Manoel R.']",5
68a8da23274dccb3345d7467,2019,18,4,Design and Fabrication of a Novel Compact Low-loss Microstrip Diplexer for WCDMA and WiMAX Applications,"['Rezaei, Abbas', 'yahya, salah i.', 'Noori, Leila', 'jamaluddin, mohd h.']",13
68a8da26274dccb3345d7468,2019,18,4,Mu-Negative Metamaterials Seen as Band-Limited Non-Foster Impedances in Inductive Power Transmission Systems,"['almeida, jorge virgilio de', 'Siqueira, Gláucio L.', 'mosso, marbey manhaes', 'sartori, carlos antonio franca']",3
68a8da28274dccb3345d7469,2019,18,4,Evaluation of OFDM Channel Sounding Techniques with Three Modulation Sequences,"['Silva, Marcelo Molina', 'mello, luiz alencar reis da silva', 'Ron, Carlos V. Rodríguez', 'Almeida, Marta P. C.', 'Tacuri, Alexander B. Hilario', 'castellanos, pedro gonzalez', 'silva, leonardo henrique gonsioroski furtado da']",4
68a8da2b274dccb3345d746a,2019,18,4,Design and Synthesis of an Ultra Wide Band FSS for mm-Wave Application via General Regression Neural Network and Multiobjective Bat Algorithm,"['alcântara neto, miércio c. de', 'Araújo, Jasmine P. L.', 'Mota, Raimundo J. S.', 'Barros, Fabrício J. B.', 'Ferreira, Flávio H. C. S.', 'Cavalcante, Gervásio P. S.', 'Castro, Bruno S. L.']",13
68a8da2c274dccb3345d746b,2019,18,4,Co-Design of a GPS Antenna Low-Noise Amplifier Front-End Circuit,"['Sakomura, Eduardo S.', 'Boada, Diego F. M.', 'Nascimento, Daniel C.']",0
68a8dab0f08117e42d621e19,2018,17,1,Performance Analysis of Probe-Fed Circularly-Polarized Moderately-Thick Microstrip Antennas Designed under the Null Reactance Condition,"['nascimento, daniel c.', 'fabiani, bernardo m.', 'Lacava, José C.da S.']",3
68a8dab2f08117e42d621e1a,2018,17,1,A Hybrid Approach for Assessments of Equivalent Emission Sources and Electromagnetic Environments,"['cardia, daniel v. f.', 'sartori, carlos antonio franca', 'muylaert, rafael p. b.']",0
68a8dab4f08117e42d621e1b,2018,17,1,Microstrip Hybrid Coupler with a Wide Stop-Band Using Symmetric Structure for Wireless Applications,"['Rezaei, Abbas', 'Noori, Leila']",24
68a8dab6f08117e42d621e1c,2018,17,1,Analysis of the Propagation Properties of 90°-bend Periodic Segmented Waveguides Using the 2D Finite Element Method,"['Rubio-Mercedes, Cosme E.', 'rodríguez-esquerre, vitaly f.', 'lima jr., ivan t.', 'Hernández-Figueroa, Hugo E.']",1
68a8dab8f08117e42d621e1d,2018,17,1,Extremely high Faraday and Kerr rotations and extraordinary optical transmission in four-layer dielectric-metal strips-dielectric-Bi:YIG planar structure,"['Dmitriev, Victor', 'santos, carlos m.', 'nascimento, clerisson']",2
68a8dab9f08117e42d621e1e,2018,17,1,Polarization Insensitive Compact Wide Stop-band Frequency Selective Surface,"['Sood, Deepak', 'tripathi, chandra c.']",25
68a8dabcf08117e42d621e1f,2018,17,1,Adaptive Modulation and Code Strategy to Reduce Energy Consumption in Elastic Optical Network,"['Bandiri, Sabi Y.M.', 'pimenta, tales c.', 'Spadoti, Danilo H.']",6
68a8dabef08117e42d621e20,2018,17,1,Use of a combined SVD-Kalman filter approach for induction motor broken rotor bars identification,"['azouzi, khaled', 'boudinar, ahmed h.', 'aimer, fethi a.', 'bendiabdellah, azzedine']",8
68a8dac1f08117e42d621e21,2018,17,1,Characterization of Switchable Rectangular Ring FSS with Non Coupled Parallel Metallic Strips for Multi Band and Dual Polarized Applications Using WCIP Method,"['saidi, raouia', 'titaouine, mohammed', 'djouimaa, awatef', 'sousa, t. r. de', 'Gomes Neto, Alfredo', 'bencherif, karima', 'baudrand, henri']",7
68a8dac3f08117e42d621e22,2018,17,1,Analytical Approach for Making Multilayer and Inhomogeneous Structures Invisible Based on Mantle Cloak,"['mizuji, ensieh g.', 'abdolali, ali', 'aghamohamadi, fatemeh']",5
68a8dac5f08117e42d621e23,2018,17,1,Sharp Rejection and Wide Stopband Microstrip Lowpass Filters using Complementary Split Ring Resonators,"['da costa, igor f.', 'Campos, Antonio Luiz Pereira de Siqueira', 'Gomes Neto, Alfredo']",2
68a8dac7f08117e42d621e24,2018,17,1,Novel Design of Photonic Digital Sensors for Distinguishing Uniformly-Distributed Refractive Indices of Fluids,"['Lu, R.-C.', 'Lee, K.-Y.']",1
68a8dac9f08117e42d621e25,2018,17,1,Dual-Port Dual-Wideband Annular Slot Antenna with Stable Unidirectional Pattern,"['farias, roger l.', 'lemes, daniel l.', 'vieira, juner m.', 'heckler, marcos v. t.', 'Salazar, A. F. T.']",4
68a8dacaf08117e42d621e26,2018,17,1,Millimeter Wave Antenna for Intelligent Transportation Systems Application,"['kishore, nand', 'upadhyay, gaurav', 'prakash, arun', 'tripathi, vijay s.']",30
68a8daccf08117e42d621e27,2018,17,1,Propagation Model for Path Loss Through Vegetated Environments at 700 – 800 MHz Band,"['silva, jean carneiro da', 'Siqueira, Gláucio Lima', 'castellanos, pedro gonzalez']",32
68a8db4c3609a80db808819f,2018,17,2,Design of Microwave Absorbers using Improvised Particle Swarm Optimization Algorithm,"['H, Mouna', 'V, Mekaladevi', 'M, Nirmala Devi']",26
68a8db4f3609a80db80881a0,2018,17,2,Directional Coupler Based on a Photonic Quasi-Crystal Fiber with Extended Cores,"['Silva, José P.', 'Santos, Einstein G. dos', 'segundo, marcos tulio antunes bezerra']",2
68a8db503609a80db80881a1,2018,17,2,All-Optical Logic Gates Devices based on SPP Coupling between Graphene Sheets,"['Aguiar, Antônio Francisco', 'Neves, Daniel Marchesi de C.', 'Silva, João Batista R.']",8
68a8db523609a80db80881a2,2018,17,2,Effects of Birefringence on the Electromagnetic Guidance of Structures Produced by Femtosecond Laser,"['Oliveira, Fernanda Mantuan Dala Rosa de', 'Chiamenti, Ismael', 'Fabris, José Luís', 'Muller, Marcia', 'Kalinowski, Hypolito José']",0
68a8db543609a80db80881a3,2018,17,2,Electrical and optical numerical modeling of DP-PPV based polymer light emitting diode,"['benatia, khaoula', 'telia, azzedine']",1
68a8db563609a80db80881a4,2018,17,2,A High Gain and Directivity Bow Tie Antenna Based on Single-Negative Metamaterial,"['Liu, Li', 'Zhang, Chengguang', 'Liu, Yu', 'Hua, Yujin']",21
68a8db573609a80db80881a5,2018,17,2,Calibration of TLM Model for Semiconductor Optical Amplifier by Heuristic Parameters' Extraction,"['Rocha, Peterson', 'Gallep, Cristiano M.', 'Sutili, Tiago', 'Conforti, Evandro']",5
68a8db5a3609a80db80881a6,2018,17,2,Power Allocation in PON-OCDMA with Improved Chaos Particle Swarm Optimization,"['Santana, Gisele A.', 'Durand, Fábio R.', 'Abrão, Taufik']",11
68a8db5c3609a80db80881a7,2018,17,2,Vegetation Image as Bayesian Predictor for Radio Propagation in Complex Environments Using Unscented Transform,"['Loureiro, Alexandre J. F.', 'menezes, leonardo r.a.x. de', 'ramos, glaucio lopes', 'Pereira, Paulo T.', 'Rezende, Mateus H. B.']",0
68a8db5e3609a80db80881a8,2018,17,2,Solving the inverse scattering problem with differential evolution: an experimental validation,"['Negri, Lucas H.', 'paterno, aleksander sade', 'Pedroso, Marcelo A.', 'Muller, Marcia', 'Fabris, José Luís']",1
68a8db603609a80db80881a9,2018,17,2,Case study of muscle fatigue in parafunctional patient using occlusal device with fiber Bragg grating sensors,"['Nascimento, Paula F.', 'Franco, Ana P. G. O.', 'Fiorin, Rodrigo', 'Souza, Mauren A. de', 'kalinowski, hypolito jose', 'Abe, Ilda']",9
68a8dbc69f95e6ebba0d790b,2018,17,3,Modeling of Open Square Bifilar Planar Spiral Coils,"['Silva, Denivaldo P. da', 'Pichorim, Sérgio F.']",6
68a8dbc89f95e6ebba0d790c,2018,17,3,Single Band Notched Characteristics UWB Antenna using a Cylindrical Dielectric Resonator and U-shaped Slot,"['DEBAB, Mohamed', 'MAHDJOUB, Zoubir']",15
68a8dbca9f95e6ebba0d790d,2018,17,3,Beampattern Synthesis for Frequency Diverse Array Based on Time-Modulated Double Parameters Approach,"['Mu, Tong', 'Song, Yaoliang', 'Wang, Zhonghan']",6
68a8dbcc9f95e6ebba0d790e,2018,17,3,The Behavior of CPW-Fed Sierpinski Curve Fractal Antenna,"['Reha, Abdelati', 'El Amri, Abdelkebir', 'Bouchouirbat, Marouane']",19
68a8dbce9f95e6ebba0d790f,2018,17,3,Application of the Finite-Difference Frequency-Domain (FDFD) method on radiowave propagation in urban environments,"['Batista, Cláudio Garcia', 'Rego, Cássio Gonçalves do']",4
68a8dbd09f95e6ebba0d7910,2018,17,3,A Review of Ground Penetrating Radar Antenna Design and Optimization,"['travassos, xisto l.', 'avila, sergio l.', 'Adriano, Ricardo L. da S.', 'ida, nathan']",62
68a8dbd29f95e6ebba0d7911,2018,17,3,Design Equations for Spiral and Scalable Cross Inductors on 0.35 μm CMOS Technology,"['Fontebasso Neto, José', 'Moreira, Luiz Carlos', 'Correra, Fatima Salete']",3
68a8dc777cfabf0d544db0ab,2018,17,4,Comparison of FDTD and TDWP Methods for Simulating Electromagnetic Wave Propagation above Terrains,"['Fallah, Mahmoud', 'Nazeri, Amir Houssein']",1
68a8dc797cfabf0d544db0ac,2018,17,4,Multiband FSS Analysis and Synthesis Based on Parallel Non Coupled Metallic Strips Using WCIP Method,"['Bencherif, Karima', 'Titaouine, Mohammed', 'Saidi, Raouia', 'Djouimaa, Awatef', 'Adoui, Ibtissem', 'Sousa, Thayuan Rolim De', 'Gomes Neto, Alfredo', 'Baudrand, Henri']",8
68a8dc7b7cfabf0d544db0ad,2018,17,4,WCIP Method Applied To Modeling an L-Notched Rectangular Metallic Ring FSS for Multiband Applications and its Equivalent Structure,"['Adoui, Ibtissem', 'Titaouine, Mohammed', 'Choutri, Hassina', 'Saidi, Raouia', 'Sousa, Thayuan Rolim De', 'Gomes Neto, Alfredo', 'Baudrand, Henri']",3
68a8dc7c7cfabf0d544db0ae,2018,17,4,Improvements Evaluation of High-Speed Electro-Optical Integrated Thin-Film Microwave Coupler SOA-based Space Switch,"['Sutili, Tiago', 'figueiredo, rafael carvalho', 'Ribeiro, Napoleão S.', 'Gallep, Cristiano M.', 'Conforti, Evandro']",3
68a8dc7e7cfabf0d544db0af,2018,17,4,Validation of RKAS Soil Dielectric Model at C and X-Band Microwave Frequencies,"['Kumar, Rajeev', 'Sharma, Arvind', 'Sharma, Anupamdeep']",2
68a8dc807cfabf0d544db0b0,2018,17,4,Improved Polynomial Rooting of Capon's Algorithm to Estimate the Direction-of-Arrival in Smart Array Antenna,"['Naceur, Aounallah']",9
68a8dc827cfabf0d544db0b1,2018,17,4,Parametric study and Analysis of Band Stop Characteristics for a Compact UWB Antenna with Tri-band notches,"['Ain, Qurratul', 'Chattoraj, Neela']",20
68a8dc847cfabf0d544db0b2,2018,17,4,Analytical Analysis and Experimental Validation of a Multi-parameter Mach-Zehnder Fiber Optic Interferometric Sensor,"['Scandian, Lorenzo B.', 'segatto, marcelo e. v.', 'castellani, carlos eduardo s.']",3
68a8dc867cfabf0d544db0b3,2018,17,4,Impact of Pulse Width on the Sensitivity and Range of a Raman-based Distributed Fiberoptic Temperature Sensor,"['Silva, Marianne S. P. e', 'Alves, Henrique P.', 'nascimento, jehan fonseca do', 'Martins-Filho, Joaquim F.']",11
68a8dc877cfabf0d544db0b4,2018,17,4,Analog Radio-over-Fiber Fronthaul by a WDM-PON employing Double RSOA Self-Seeding and Carrier-Reuse Techniques,"['Souza, Adelcio M.', 'Celino, Daniel R.', 'Duarte, Ulysses R.', 'romero, murilo araujo']",8
68a8dc897cfabf0d544db0b5,2018,17,4,Dual-band System composed by a Photonics-based Radar and a Focal-Point/Cassegrain Parabolic Antenna,"['Brandão, Tiago H.', 'Filgueiras, H.R.D.', 'Alves, Andrea a. c.', 'Scotti, Filippo', 'Melo, Suzanne', 'Bogoni, Antonella', 'Sodré Junior, Arismar Cerqueira']",8
68a8dc8b7cfabf0d544db0b6,2018,17,4,Implementation of a Multi-Gbit/s and GFDM-based Optical-Wireless 5G Network,"['borges, ramon m.', 'Marins, Tiago R. R.', 'cunha, matheus s. b.', 'Spadoti, Danilo H.', 'mendes, luciano l.', 'Sodré Junior, Arismar Cerqueira']",10
68a8dc8d7cfabf0d544db0b7,2018,17,4,"Design, Optimization and Experimental Evaluation of a F-shaped Multiband Metamaterial Antenna","['Corrêa, Diego C.', 'Resende, Ursula C.', 'Bicalho, Fabiano S.', 'Gonçalves, Yan S.']",7
68a8dc947cfabf0d544db0b8,2018,17,4,Spectral Efficiency Analysis in Massive MIMO using FBMC-OQAM Modulation,"['Jose, Felipe Kurpiel', 'Lolis, Luis Henrique', 'Mafra, Samuel Baraldi', 'Ribeiro, Eduardo Parente']",18
68a8dc967cfabf0d544db0b9,2018,17,4,Study of the influence of Carbonyl iron particulate size as an electromagnetic radiation absorbing material in 12.4 to 18 GHz (Ku) Band,"['Oliveira, Ana Paula S.', 'Rodrigues, Aline C.', 'Quirino, Sandro F.', 'Vergara, Diego Edissón F.', 'Pinto, Simone S.', 'Rezende, Mirabel C.', 'Baldan, Mauricio R.']",10
68a8dc987cfabf0d544db0ba,2018,17,4,Material Characterization and Propagation Analysis of mm-Waves Indoor Networks,"['Fagiani, Anderson', 'Vogel, Martin', 'Sodré Junior, Arismar Cerqueira']",3
68a8dc9a7cfabf0d544db0bb,2018,17,4,Manufacture of Tapered Fibers and FBG Writing,"['Moura, Camila C.', 'Oliveira, Valmir de', 'Biazoli, Claudecir R.', 'Cordeiro, Cristiano M. B.', 'Kalinowski, Hypolito']",3
68a8dc9c7cfabf0d544db0bc,2018,17,4,Computational Model and Parameter Extraction of High Speed Semiconductor Optical Amplifier Space Switches,"['Sutili, Tiago', 'Rocha, Peterson', 'Barrientos, Ernesto M. M.', 'Bordonalli, Aldario C.', 'Gallep, Cristiano M.', 'Conforti, Evandro']",5
68a8ddd1c2c33a27c9fbe467,2017,16,1,Indoor Characterization of Power Delay Profile Using Equivalent Antenna Representation in Uniform FDTD Lattices,"['Martins, Bruno W.', 'Oliveira, Rodrigo M. S. de', 'Dmitriev, Victor', 'Barros, Fabrício J. B.', 'rodrigues, nilton rodolfo n. m.']",3
68a8ddd7c2c33a27c9fbe468,2017,16,1,Rigorous Analysis of a Compact Triangular Antenna Array Using the Spectral Domain Method,"['Aissaoui, Chafika', 'Benghalia, Abdelmadjid', 'Messaoudene, Idris']",4
68a8ddd9c2c33a27c9fbe469,2017,16,1,A Compact UWB Bandpass Filter using Hybrid Fractal Shaped DGS,"['Shahu, Babu Lal', 'Chattoraj, Neela', 'Pal, Srikanta', 'Upadhyay, Dileep Kumar']",10
68a8dddac2c33a27c9fbe46a,2017,16,1,Ku-band Transition with not Metalized Air-Vias between Microstrip Line and Substrate Integrated Waveguide,"['Grine, Farouk', 'Benhabiles, Mohamed Taoufik', 'Riabi, Mohamed Lahdi']",8
68a8dddcc2c33a27c9fbe46b,2017,16,1,A low-profile and ultra-wideband printed antenna with a 176% bandwidth,"['Santos, Renan A. dos', 'Sodré Junior, Arismar Cerqueira']",10
68a8dddec2c33a27c9fbe46c,2017,16,1,Non-invasive monitoring system of synchronous generator using external field,"['Santos, H. F. dos', 'Rigoni, Mauricio', 'Elias, R. de A.', 'Feler, L. A.', 'Wengerkievicz, Carlos A. C.', 'Batistela, Nelson J.', 'Sadowski, Nelson', 'Kuo-Peng, Patrick', 'Bastos, João Pedro A.', 'Freitas, L. M. de']",16
68a8dde1c2c33a27c9fbe46d,2017,16,1,Estimation of Three-Phase Induction Motor Equivalent Circuit Parameters from Manufacturer Catalog Data,"['Wengerkievicz, Carlos A. C.', 'Elias, Ricardo de A.', 'Batistela, Nelson J.', 'Sadowski, Nelson', 'Kuo-Peng, Patrick', 'Lima, Sandro C.', 'Silva, Pedro A. da', 'Beltrame, Anderson Y.']",58
68a8dde3c2c33a27c9fbe46e,2017,16,1,Magnetic Gearing Electromagnetic Concepts,"['Neves, Carlos G. C.', 'Flores Filho, Aly Ferreira']",9
68a8dde5c2c33a27c9fbe46f,2017,16,1,Computational Modeling of Geoelectrical Soundings using PML-FDTD,"['Ribeiro, Luísa F.', 'novo, marcela silva']",0
68a8dde8c2c33a27c9fbe470,2017,16,1,Development of an Analytical Method to Predict the Behaviour of the Magnetic Field in PM Linear Motors with Halbach Array,"['Silveira, Marilia A. da', 'Marques, Leandro D.', 'Flores, Aly F.', 'Treviso, Felipe']",3
68a8ddeac2c33a27c9fbe471,2017,16,1,Impact Analysis of PM magnetization level on motor performance: simulations and experimental results,"['Staudt, Tiago', 'Akinaga, Thiago', 'Lopes, Leonardo Ulian', 'Maccari, Fernando', 'Wendhausen, Paulo A. P.']",2
68a8ddecc2c33a27c9fbe472,2017,16,1,An Improved Method for Acquisition of the Parameters of Jiles-Atherton Hysteresis Scalar Model Using Integral Calculus,"['Mendes, Filomena Barbosa R.', 'Leite, Jean V.', 'Batistela, Nelson J.', 'Sadowski, Nelson', 'Suárez, Fredy M. S.']",10
68a8ddeec2c33a27c9fbe473,2017,16,1,Design of a Blade Antenna Embedded in Low-Cost Dielectric Substrate,"['Silva, Waleska F.', 'Bianchi, Ildefonso', 'Santos, Tiago P.']",2
68a8ddf1c2c33a27c9fbe474,2017,16,1,EDFA Design and Analysis for WDM Optical Systems Based on Modal Multiplexing,"['Herbster, Adolfo Fernandes', 'Romero, Murilo Araújo']",16
68a8ddf2c2c33a27c9fbe475,2017,16,1,Optically controlled reconfigurable antenna for 5G future broadband cellular communication networks,"['Costa, I. F. da', 'Spadoti, Danilo H.', 'Sodré Junior, Arismar Cerqueira', 'Silva, L. G. da', 'Rodriguez, Sebastian', 'Puerta, Rafael', 'Olmos, Juan J. V.', 'Monroy, Tafur']",19
68a8ddf5c2c33a27c9fbe476,2017,16,1,Electromagnetic Characterization of Aircraft Composite Materials and its Effects on the Antenna Performance,"['Silva, L. G. da', 'Baratta, Igor A.', 'Assis, R. R. de', 'Bellei, Leandro N.', 'Andrade, C. B. de', 'Campici, P. P. F.', 'Nunes, Sidney O.', 'Paiva, Marcelo C.', 'Sodré Junior, Arismar Cerqueira']",6
68a8ddf7c2c33a27c9fbe477,2017,16,1,An Analytical Solution for Fiber Optic Links with Photonic-Assisted Millimeter Wave Upconversion Due to MZM Nonlinearities,"['Souza, Romildo Henrique de', 'Coutinho, Olympio Lucchini', 'Oliveira, José Edimar Barbosa', 'Ferreira, Antônio Alves', 'Ribeiro, José Antônio Justino']",19
68a8ddfac2c33a27c9fbe478,2017,16,1,Analysis of Parameters for a Distributed Temperature Sensing based on Raman Scattering,"['Silva, Luís Cicero Bezerra da', 'Pontes, Maria José', 'segatto, marcelo eduardo vieira']",0
68a8ddfcc2c33a27c9fbe479,2017,16,1,Polarization Diversity on ESM Systems,"['Mello, Rafael Gonçalves Licursi de', 'Junqueira, Cynthia']",9
68a8ddfec2c33a27c9fbe47a,2017,16,1,Pseudo-Analytical Modeling of Tilted-Coil Antennas in Anisotropic Geophysical Formations,"['Rosa, Guilherme S.', 'Bergmann, José R.', 'Teixeira, Fernando L.']",5
68a8de01c2c33a27c9fbe47b,2017,16,1,Non-resonant Permittivity Measurement Methods,"['Severo, Sergio L. S.', 'Salles, Álvaro A. A. de', 'Nervis, Bruno', 'Zanini, Braian K.']",39
68a8de03c2c33a27c9fbe47c,2017,16,1,Parametric Study of Printed Monopole Antenna Bioinspired on the Inga Marginata Leaves for UWB Applications,"['Cruz, Josiel do Nascimento', 'Freire, Raimundo Carlos Silvério', 'Serres, Alexandre Jean René', 'Moura, Leidiane Carolina Martins de', 'Costa, Andrécia Pereira da', 'Silva, Paulo Henrique da F.']",29
68a8df2776284aacb7607fbe,2017,16,2,A JL-SDR-IMPATT Device with Improved Efficiency,"['Bandyopadhyay, Dipan', 'Sarkar, Subir Kumar']",1
68a8df2876284aacb7607fbf,2017,16,2,Design of a Compact UWB Bandpass Filter using Via-Less CRLH TL,"['Upadhyay, Dileep Kumar', 'Kumar, Uday', 'Mishra, Gajendra Kant', 'shahu, babu lal']",7
68a8df2a76284aacb7607fc0,2017,16,2,Circuit models of Lossy Coaxial Shielded cables to Analyze Radiated and Conducted Susceptibilities with unmatched line loads,"['SAIH, Mohamed', 'ROUIJAA, Hicham', 'Ghammaz, Abdelilah']",3
68a8df2c76284aacb7607fc1,2017,16,2,Broadband Equal Power Divider,"['Packiaraj, D.', 'Ramesh, Mantri', 'Kalghatgi, Ajit T.']",5
68a8df2e76284aacb7607fc2,2017,16,2,Optimization of Frequency Selective Surfaces with Crossed Dipoles Using the Taguchi's Method,"['santos, eliel p. dos', 'Filgueira, Jannayna D. B.', 'Campos, Antonio Luiz Pereira de Siqueira', 'Gomes Neto, Alfredo', 'Maniçoba, Robson Hebraico C.']",13
68a8df3076284aacb7607fc3,2017,16,2,Influence of temperature on the refractive index sensitivities of fiber Bragg gratings refractometers,"['fernandes, diego cassio garcia', 'Winter, Rosangela', 'silva, jean carlos cardozo da', 'kamikawachi, ricardo canute', 'Macedo, Andreia G.']",10
68a8df3176284aacb7607fc4,2017,16,2,Substrate Integrated Waveguide (SIW) Bandpass Filter with Novel Microstrip-CPW-SIW Input Coupling,"['Nwajana, Augustine O.', 'Dainkeh, Amadu', 'Yeo, Kenneth S. K.']",43
68a8df3376284aacb7607fc5,2017,16,2,Experimental and numerical investigation of the microwave dielectric properties of the Minas GeraisTiO3 ceramic matrix added with CaCu3Ti4O12,"['Oliveira, P.W.S.', 'Pires, G.F.M.', 'Sales, A.J.M.', 'Rodrigues, H.O.', 'Sombra, A.S.B.']",20
68a8df3576284aacb7607fc6,2017,16,2,A CPW-Fed Structure Shaped Substrate Wideband Microstrip Antenna for Wireless Applications,"['Sharma, Amar', 'Khanna, Puneet', 'Kumar, Arun', 'Shinghal, Kshitij']",20
68a8df3776284aacb7607fc7,2017,16,2,The force magnitude of a human bite measured at the molar intercuspidation using fiber Bragg gratings,"['Abe, Ilda', 'Milczewski, Maura S.', 'souza, mauren a. de', 'kalinowski, hypolito jose', 'Machuca, Oscar F.', 'Marin, Gabriela C.', 'Camargo, Elisa S.']",28
68a8df3976284aacb7607fc8,2017,16,2,Analysis of Thermo-Mechanical Stress in Fiber Bragg Grating Used for Hydro-Generator Rotor Temperature Monitoring,"['Leite, R.C.', 'Dmitriev, Victor', 'Hudon, Caroline', 'Gingras, Stephane', 'Guddemi, Calogero', 'Piccard, Jean', 'Mydlarsky, Lauren']",13
68a8df3b76284aacb7607fc9,2017,16,2,Design of Microstrip Antenna Array with Suppressed Back Lobe,"['Silveira, Eduardo S.', 'Nascimento, Daniel C.', 'Tinoco-S., Alexis F.', 'Pina, Marcus V. P.']",12
68a8df3d76284aacb7607fca,2017,16,2,Experimental Evaluation of the Mobile Radio Channel Capacity in the 2.48 GHz Band,"['Villanueva, Uwe R.', 'Siqueira, Gláucio L.', 'matos, leni j. de', 'castellanos, pedro gonzalez', 'silva, leonardo henrique gonsioroski furtado da']",2
68a8df3e76284aacb7607fcb,2017,16,2,Spectrum Continuity and Contiguity based Dedicated Protection for Flexible Optical Networks,"['Xavier, André V. S.', 'Almeida, Raul C.', 'Martins-Filho, Joaquim F.', 'Chaves, Daniel A. R.', 'Bastos-Filho, Carmelo J. A.']",7
68a8df4076284aacb7607fcc,2017,16,2,Investigation of Dosimetry in Four Human Head Models for Planar Monopole Antenna with a Coupling Feed for LTE/WWAN/WLAN Internal Mobile Phone,"['Belrhiti, Lakbir', 'Riouch, Fatima', 'Tribak, Abdelwahed', 'Terhzaz, Jaouad', 'Sanchez, Angel Mediavilla']",19
68a8df4276284aacb7607fcd,2017,16,2,A Compact Ultrathin Ultra-wideband Metamaterial Microwave Absorber,"['Sood, Deepak', 'Tripathi, Chandra C.']",49
68a8df4476284aacb7607fce,2017,16,2,ANALYTICAL METHOD FOR DESIGNING FSS-BACKED REFLECTARRAY ANTENNA USING TRANSMISSION LINE APPROACH,"['Derafshi, Iman', 'Komjani, Nader', 'Ghasemi-Mizuji, Ensieh']",6
68a8df4676284aacb7607fcf,2017,16,2,Compact MIMO Antenna for Multiband Mobile Applications,"['Agrawal, Tanvi', 'Srivastava, Shweta']",34
68a8df4876284aacb7607fd0,2017,16,2,A Novel Simple Convoluted Geometry to Design Frequency Selective Surfaces for Applications at ISM and UNII Bands,"['Barros, Vitor Fernandes', 'Silva Segundo, Francisco Carlos G. da', 'Campos, Antonio Luiz Pereira de Siqueira', 'Silva, Sandro Gonçalves da', 'Gomes Neto, Alfredo']",10
68a8df4a76284aacb7607fd1,2017,16,2,"A Compact Dual-Band CPW-Fed Planar Monopole Antenna for 2.62–2.73 GHz Frequency Band, WiMAX and WLAN Applications","['Manouare, Ahmed Zakaria', 'Ibnyaich, Saida', 'Idrissi, Abdelaziz EL', 'Ghammaz, Abdelilah', 'Touhami, Naima Amar']",13
68a8df4c76284aacb7607fd2,2017,16,2,"Analysis of Linear Antenna Array for minimum Side Lobe Level, Half Power Beamwidth, and Nulls control using PSO","['Rahman, Saeed Ur', 'CAO, Qunsheng', 'Ahmed, Muhammad Mansoor', 'Khalil, Hisham']",57
68a8df4e76284aacb7607fd3,2017,16,2,A Compact UWB Monopole Antenna with Rejected WLAN Band using Split-Ring Resonator and Assessed by Analytic Hierarchy Process Method,"['Ebadzadeh, Seyedeh Roghaye', 'Zehforoosh, Yashar', 'Mohammadifar, Maryam', 'Zavvari, Mahdi', 'Mohammady, Pejman']",11
68a8df9ba0daed86e8f01eec,2017,16,3,Quantum Particle Swarm Optimization for Synthesis of Non-uniformly Spaced Linear Arrays with Broadband Frequency Invariant Pattern,"['Patidar, Hemant', 'Mahanti, Gautam Kumar', 'Muralidharan, Ramalingam']",16
68a8df9da0daed86e8f01eed,2017,16,3,A Low Complexity Iterative SLM-OFDM for SHF band applications,"['Kulkarni, Sukanya. A.', 'Mishra, B.K.']",0
68a8df9fa0daed86e8f01eee,2017,16,3,A System Based on Artificial Neural Networks for Automatic Classification of Hydro-generator Stator Windings Partial Discharges,"['Oliveira, Rodrigo M. S. de', 'Araújo, Ramon C. F.', 'Barros, Fabrício J. B.', 'Segundo, Adriano Paranhos', 'Zampolo, Ronaldo F.', 'Fonseca, Wellington', 'Dmitriev, Victor', 'Brasil, Fernando S.']",69
68a8dfa1a0daed86e8f01eef,2017,16,3,Dual U-Slot Loaded Patch Antenna with a Modified L-Probe Feeding,"['Tiwari, Rakesh N.', 'Singh, Prabhakar', 'Kanaujia, Binod Kumar']",10
68a8dfa4a0daed86e8f01ef0,2017,16,3,A Numerical Mode-Matching Method Based on Multiple-Knot Cubic B-Splines Applied to the Analysis of Well-Logging Tools,"['Canabarro, Maiquel S.', 'Bergmann, José R.', 'Teixeira, Fernando L.']",4
68a8dfa6a0daed86e8f01ef1,2017,16,3,A Compact Wideband Patch Antenna Loaded by Interdigital Capacitor with Equivalent Circuit Model,"['Simruni, Mojtaba', 'Jam, Shahrokh']",1
68a8dfa7a0daed86e8f01ef2,2017,16,3,Design of coaxial aircell fixture for the measurement of electromagnetic properties,"['Raju, V. Seetha Rama']",9
68a8dfa9a0daed86e8f01ef3,2017,16,3,Heuristics for the optimized deployment of small cells in next-generation networks,"['Araujo, Welton V.', 'Oliveira, Edvar da L.', 'Souza, Daniel da S.', 'cardoso, diego lisboa']",1
68a8dfaba0daed86e8f01ef4,2017,16,3,A Hybrid Path Loss Prediction Model based on Artificial Neural Networks using Empirical Models for LTE And LTE-A at 800 MHz and 2600 MHz,"['Cavalcanti, Bruno J.', 'Cavalcante, Gustavo A.', 'Mendonça, Laércio M. de', 'Cantanhede, Gabriel M.', 'Oliveira, Marcelo M.M. de', 'D’Assunção, Adaildo Gomes']",51
68a8dfada0daed86e8f01ef5,2017,16,3,ANALYTICAL COMPARISON OF THE PERFORMANCE OF ADAPTIVE MODULATION AND CODING IN WIRELESS NETWORK UNDER RAYLEIGH FADING,"['Bandiri, Sabi Y.M.', 'Braga, Rafael M.S.', 'Spadoti, Danilo H.']",3
68a8dfafa0daed86e8f01ef6,2017,16,3,SmartCoM: Smart Consumption Management Architecture for Providing a User-Friendly Smart Home based on Metering and Computational Intelligence,"['Oliveira, Edvar da L.', 'Alfaia, Rodrigo D.', 'Souto, Anderson V. F.', 'Silva, Marcelino S. da', 'Francês, Carlos Renato L.', 'vijaykumar, nadamudi']",17
68a8dfb1a0daed86e8f01ef7,2017,16,3,High-Resolution Imaging Utilizing Space-Frequency DORT Combining the Extrapolated Virtual Array,"['Du, Qiang', 'Song, Yaoliang', 'Mu, Tong', 'Ahmad, Zeeshan']",1
68a8dfb3a0daed86e8f01ef8,2017,16,3,"Designing Four Notched Bands Microstrip Antenna for UWB Applications, Assessed by Analytic Hierarchy Process Method","['Zehforoosh, Yashar', 'Mohammadifar, Maryam', 'Mohammadifar, Amir houshang', 'Ebadzadeh, Seyedeh Roghaye']",20
68a8dfb5a0daed86e8f01ef9,2017,16,3,A Balanced-to-Single-Ended Wilkinson Power Divider,"['Yang, Zhen', 'Liu, Weiguo', 'Miao, Chen', 'Yuan, Xin-an', 'Wu, Wen']",3
68a8dfbca0daed86e8f01efa,2017,16,3,"New methodology for modeling, design and implementation of RF power amplifiers","['Rafael-Valdivia, Guillermo', 'Ballesteros, Omar Castellanos']",1
68a8dfbea0daed86e8f01efb,2017,16,3,Dynamic Digital Holography for recording and reconstruction of 3D images using optoelectronic devices,"['Yepes, Indira S. V.', 'Gesualdi, Marcos R. R.']",15
68a8dfc0a0daed86e8f01efc,2017,16,3,Time Reversal Imaging Based on the Space-Frequency ESPRIT,"['Mu, Tong', 'Song, Yaoliang']",1
68a8dfc2a0daed86e8f01efd,2017,16,3,A simple strategy to design broadband low power consumption distributed Raman amplifier,"['Santos, Renan S.', 'Martinez, Maria Aparecida G.', 'Giraldi, Maria Thereza M. R.']",0
68a8dfc4a0daed86e8f01efe,2017,16,3,Measurements of Medium Wave HD Radio Reception in a Dense Urban Region,"['Almeida, Marta P. C.', 'Mello, L. da Silva', 'Braz, J.A.C.', 'David, R.P.', 'Castellanos, Pedro V.G.', 'Lima, F.F.']",3
68a8dfc6a0daed86e8f01eff,2017,16,3,Design of Ground Penetrating Radar Antenna for Detecting Soil Contamination at L-band Frequencies,"['Abdelgwad, Ahmad H.', 'Said, Tarek M.']",19
68a8dfc8a0daed86e8f01f00,2017,16,3,Design of Biodegradable Quadruple-shaped DRA for WLAN/Wi-Max applications,"['Kumar, Pramod', 'Dwari, Santanu', 'Utkarsh,', 'Kumar, Jitendra']",16
68a8e0f697367156892d5f91,2017,16,4,Magnetic topology with axial flux concentration: a technique to improve permanent-magnet motor performance,"['Paiva, Raul D.', 'Silva, Viviane Cristine', 'Nabeta, Silvio Ikuyo', 'Chabu, Ivan E.']",11
68a8e0f897367156892d5f92,2017,16,4,Design of Waveguide Structures Using Improved Neural Networks,"['Erredir, Chahrazad', 'Riabi, Mohamed Lahdi', 'Ammari, Halima', 'Bouarroudj, Emir']",3
68a8e0fa97367156892d5f93,2017,16,4,Energy Efficient Rate Adaptation Algorithm for FiWi Access Network,"['Upadhyay, Raksha', 'Tiwari, Arpita', 'Bhatt, Uma Rathore']",2
68a8e0fb97367156892d5f94,2017,16,4,Optimized Limited Size Printed Bowtie Antenna for UHF RFID Readers,"['Andrade-Fonseca, Leandro', 'Lisboa, Adriano C.', 'Adriano, Ricardo', 'Silva, Elson J.']",4
68a8e0fd97367156892d5f95,2017,16,4,Multiband FSS with Fractal Characteristic Based on Jerusalem Cross Geometry,"['Silva Filho, Hawson V. H.', 'Silva, Crislane P. N.', 'Oliveira, Marta R. T.', 'Oliveira, E. M. F. de', 'melo, marcos t. de', 'Sousa, T. R. de', 'Gomes Neto, Alfredo']",21
68a8e10097367156892d5f96,2017,16,4,A Direct Approach for Coupling Matrix Synthesis for Coupled Resonator Diplexers,"['Tubail, Deeb', 'Skaik, Talal']",2
68a8e10197367156892d5f97,2017,16,4,Microwave Measurements of Dielectric Properties of Corn Vegetation at C-Band and Comparison with Debye- Cole Dual Dispersion Model,"['Itolikar, Ashish B.', 'Kurtadikar, M.L.']",10
68a8e10397367156892d5f98,2017,16,4,A Novel Design of an H-shaped Microstrip Diplexer,"['Chinig, Abdessamed', 'Bennis, Hamid']",8
68a8e10697367156892d5f99,2017,16,4,Improved PLL-based MUSIC Algorithm for Single Receiver DF Systems,"['Duarte, Aline G. T.', 'Apolinário, José A.', 'Santos, José C. A.']",1
68a8e10897367156892d5f9a,2017,16,4,Shielding Effectiveness Measurements of Coaxial Cable and Connectors Using Compact Open Area Test Site,"['santos, kenedy marconi g.', 'Novo, Marcela Silva', 'Fontgalland, Glauco', 'Perotoni, Marcelo Bender', 'Andrade, Caio Luminatti']",8
68a8e10997367156892d5f9b,2017,16,4,A Small Quad-Band Monopole Antenna with Folded Strip Lines for WiMAX/WLAN and ITU Applications,"['Zehforoosh, Yashar', 'Rezvani, Mohammad']",13
68a8e18e3648e6df11bfa537,2016,15,1,Estimation Uncertainties in the Optical Signal-to-Noise Ratio Network Optimization,"['Durand, Fábio R.', 'Lopes, Guilhereme M.', 'Spagolla, Amanda', 'Abrão, Taufik']",1
68a8e18f3648e6df11bfa538,2016,15,1,Spectral Vacancies Prediction Method for Cognitive Radio Applications,"['Canavitsas, Ângelo A. C.', 'Silva Mello, Luiz A. R. da', 'Grivet, Marco']",5
68a8e1913648e6df11bfa539,2016,15,1,Reliable Energy-Efficient Multilayer Mechanism with Realistic Battery Model and QoE Support in Wireless MANETs,"['Carvalho, Tássio Costa de', 'Ferreira Júnior, José Jailton', 'Francês, Renato L.']",4
68a8e1933648e6df11bfa53a,2016,15,1,A Multilayer Approach for Optical Network Planning,"['Coutinho, Bruno C.', 'lima, fabio de o.', 'Lima Jr, Ivan T.', 'Garcia, Anilton Salles', 'segatto, marcelo e. v.']",5
68a8e1dd884bbdaa3a881b5b,2016,15,2,Design of a Microstrip Diplexer and Triplexer Using Open Loop Resonators,"['Chinig, Abdessamed', 'Errkik, Ahmed', 'Abdellaoui, L .El', 'Tajmouati, Abdelaziz', 'Zbitou, Jamal', 'Latrach, Mohamed']",45
68a8e1df884bbdaa3a881b5c,2016,15,2,The Smart Grid Concept in Oil & Gas Industries by a Field Trial of Data Communication in MV Power Lines,"['Castor, Leonardo R. M.', 'Natale, Ricardo', 'Favero, João P.', 'Silva, Jair A. L.', 'segatto, marcelo e. v.']",8
68a8e1e1884bbdaa3a881b5d,2016,15,2,Design of high gain and wide band EBG resonator antenna with dual layers of same dielectric superstrate at X-bands,"['Rahim, Tariq', 'Xu, Jiadong']",13
68a8e1e3884bbdaa3a881b5e,2016,15,2,Signal Processing Technique for Time Domain Measurement of S-Parameters,"['Nobre, Isabela M.', 'Nicolini, Julio L.', 'Garcia, Joaquim D.', 'mosso, marbey manhaes']",4
68a8e1e5884bbdaa3a881b5f,2016,15,2,Measured Dielectric Permittivity of Contaminated Sandy Soil at Microwave Frequency,"['Abdelgwad, Ahmad H.', 'Said, Tarek M.']",22
68a8e1e7884bbdaa3a881b60,2016,15,2,Statistical Evaluation of Measured Rain Attenuation in Tropical Climate and Comparison with Prediction Models,"['Yusuf, Abdulrahman A.', 'Falade, Ayotunde', 'Olufeagba, Benjamin J.', 'Mohammed, Olatunj O.', 'Rahman, Tharek A.']",26
68a8e1e8884bbdaa3a881b61,2016,15,2,Propagation Characteristics of Optical Long Period Fiber Gratings using Graphical Solution Methods,"['Delgado, Felipe S.', 'Jucá, Marco A.', 'Coelho, Thiago V. N.', 'dos Santos, Alexandre B', 'barbero, andres pablo lopez', 'Silva, Vinicius Nunes Henrique']",8
68a8e1ea884bbdaa3a881b62,2016,15,2,Extracting Metamaterial Properties of Negative-Index and Plasmonic scatterers from the Mie Coefficients,"['Ambrosio, Leonardo A.']",1
68a8e2428c7f967cf374c3fb,2016,15,3,Miniaturized Triple Wideband CPW-Fed Patch Antenna With a Defected Ground Structure for WLAN/WiMAX Applications,"['Manouare, Ahmed Zakaria', 'Ibnyaich, Saida', 'Idrissi, Abdelaziz EL', 'Ghammaz, Abdelilah']",21
68a8e2448c7f967cf374c3fc,2016,15,3,Spectral Method for Localization of Multiple Partial Discharges in Dielectric Insulation of Hydro-Generator Coils: Simulation and Experimental Results,"['Oliveira, Rodrigo M. S. de', 'Modesto, Jonathas F. M.', 'Dmitriev, Victor', 'Brasil, Fernando S.', 'Vilhena, Paulo R. M. de']",11
68a8e2468c7f967cf374c3fd,2016,15,3,A flat-gain LNA based on LTCC technology at UHF (300-500 MHz),"['Heymann, Rafael R.', 'Pantoja, Juan P.', 'Roger, Leonardo L. Bravo', 'Oliveira, Luciano Prado de', 'Reis, Edson C dos', 'Moreira Neto, João R.', 'Hernández-Figueroa, Hugo E.']",2
68a8e2478c7f967cf374c3fe,2016,15,3,A correction method for the analytical model in Raman amplifiers systems based on energy conservation assumption,"['Coelho, Thiago V. N.', 'dos Santos, A. Bessa', 'Jucá, Marco A.', 'C. Jr, Luiz C.', 'Pontes, Maria José', 'L.Barbero, Andres P.']",1
68a8e2498c7f967cf374c3ff,2016,15,3,A New Triple Band Microstrip Fractal Antenna for C-band and S-band Applications,"['Barreto, Edwin L.', 'Mendonça, Laércio M.']",24
68a8e24b8c7f967cf374c400,2016,15,3,Dual-band X/Ku Reflectarray Antenna Using a Novel FSS-Backed Unit-Cell with Quasi-Spiral Phase Delay Line,"['Derafshi, Iman', 'Komjani, Nader', 'Ghasemi-Mizuji, Ensieh', 'Mohammadirad, Mohammad']",16
68a8e24d8c7f967cf374c401,2016,15,3,Effect of Complementary Split Ring Resonator Structure on PIFA Antenna,"['Sghaier, Nizar', 'Latrach, Lassaad', 'Gharsallah, Ali']",4
68a8e24f8c7f967cf374c402,2016,15,3,New Design Procedure to Determine the Taper Transition for Impedance Matching Between Microstrip Line and SIW Component,"['Caleffo, Ricardo Caranicola']",0
68a8e2518c7f967cf374c403,2016,15,3,Adaptive Wideband Beamforming Based on Digital Delay Filter,"['Ahmad, Zeeshan', 'Yaoliang, Song', 'Du, Qiang']",13
68a8e2ab47dbd1f4c33db241,2016,15,4,Modeling an Optical Network Operating with Hybrid-Switching Paradigms,"['Bonani, Luiz Henrique']",11
68a8e2ae47dbd1f4c33db242,2016,15,4,The study of the ground plane effect on a Multiband PIFA Antenna by using Genetic Algorithm and Particle Swarm Optimization,"['Wakrim, Laila', 'Ibnyaich, Saida', 'Hassani, Mohammad M.']",25
68a8e2af47dbd1f4c33db243,2016,15,4,Compact Microstrip Low-pass Filter with Wide Stop-band Using P-Shaped Resonator,"['Hayati, Mohsen', 'Validi, Masoom', 'Shama, Farzin', 'Ekhteraei, Milad']",0
68a8e2b147dbd1f4c33db244,2016,15,4,Boolean Operators to Improve Multi-Objective Evolutionary Algorithms for Designing Optical Networks,"['Lima, Nadja J. da S.', 'Bastos-Filho, Carmelo J. A.', 'Araújo, Danilo R. B.']",3
68a8e2b347dbd1f4c33db245,2016,15,4,Thermal Monitoring of Photovoltaic module using Optical Fiber Sensors,"['Santolin, Edson Antonio', 'Lourenço Junior, Ivo de', 'Corte, Vinícius Dalla', 'Silva, Jean Carlos Cardozo da', 'Oliveira, Valmir de']",7
68a8e2b547dbd1f4c33db246,2016,15,4,Link Optimization and Performance Analysis of a 40 Gbps DQPSK Modulated Ultra DWDM System with 32 Orthogonally Polarized channels,"['Sharan, Lucky', 'Agrawal, Vaibhav Madangopal', 'Chaubey, Vinod Kumar']",18
68a8e2b647dbd1f4c33db247,2016,15,4,Design and Modal Analysis of Photonic Crystal Fiber for Dispersion Compensation over Broadband Range,"['Waghmare, Madhavi', 'Reddy, K. T. V.']",12
68a8e2b847dbd1f4c33db248,2016,15,4,Experimental Study of Transmission and Reflection Characteristics of a Gradient Array of Metamaterial Split-Ring Resonators,"['Castro, Pedro J.', 'Barroso, Joaquim J.', 'Leite Neto, Joaquim P.', 'Tomaz, Arnobio', 'Hasar, Ugur C.']",13
68a8e2ba47dbd1f4c33db249,2016,15,4,A New Simplified Approach for Design of Dual-Band Wilkinson Power Divider with Two and Three Transmission Line Sections Using Only Even-Mode Analysis,"['Khan, Zafar Bedar', 'Huiling, Zhao', 'Yimin, Zhang']",4
68a8e2bc47dbd1f4c33db24a,2016,15,4,A Performance Evaluation of WLAN-Femtocell-LTE beyond the Capacity Crunch. Does Femtocell have to overcome WLAN or can they coexist in HetNets?,"['Silva, K.C.', 'Araújo, Jasmine P. L.', 'Francês, C.R.L.']",3
68a8e2bd47dbd1f4c33db24b,2016,15,4,Use of an Artificial Neural Network-based Metamodel to Reduce the Computational Cost in a Ray-tracing Prediction Model,"['Travessa, Sheila S.', 'Carpes Junior, Walter Pereira']",5
68a8e2bf47dbd1f4c33db24c,2016,15,4,Improvement of Circularly Polarized Slot-Patch Antenna Parameters by Using Electromagnetic Band Gap Structures,"['Hajlaoui, El Amjed', 'Trabelsi, Hichem']",7
68a8e2c147dbd1f4c33db24d,2016,15,4,Performance evaluation of digital TV and LTE systems operating in the 700 MHz band under the effect of mutual interference,"['Okamoto, Danielle', 'mello, luiz alencar reis da silva', 'Almeida, Marta', 'Rodriguez, Carlos']",19
68a8e2c347dbd1f4c33db24e,2016,15,4,Ultra Wide Band Radar Cross Section Reduction of a Perfectly Electric Conductor Sphere by the Application of Multilayer Metamaterial Coatings,"['Oraizi, Homayoon', 'Abdolali, Ali', 'Fallah, Mahmoud']",4
68a8e2c547dbd1f4c33db24f,2016,15,4,Simulating a Multi-Vehicle Traffic Sensing System Based on Radio Tomographic Imaging,"['Wilkens, Jarmo T.', 'silva, jair a. l.', 'garcia, anilton salles']",0
68a8e2ef014393dc41eac7ac,2015,14,1,A Compact Dual-Band Octagonal Slotted Printed Monopole Antenna for WLAN/ WiMAX and UWB Applications,"['Naidu, Praveen V.', 'Kumar, Raj']",34
68a8e2f1014393dc41eac7ad,2015,14,1,Analysis and Design of a GaAs Monolithic Tunable Polyphase Filter in S/C Bands,"['Leggieri, Alberto', 'Passi, Davide', 'Gagliesi, Daniele', 'Di Paolo, Franco']",3
68a8e2f3014393dc41eac7ae,2015,14,1,Long Period Bragg Grating in Coaxial Transmission Lines,"['Stevan Jr, Sergio Luiz', 'Mendes Júnior, José Jair Alves', 'Janzen, Frederich Conrad', 'Oliveira, Murilo Leme', 'Pohl, Alexandre de Almeida Prado']",15
68a8e2f5014393dc41eac7af,2015,14,1,Design and implementation of a Quarter Mode Substrate Integrated Waveguide (QMSIW) cavity filter,"['Alkhoder Jr, Assal', 'Abboud, Fariz']",1
68a8e2f7014393dc41eac7b0,2015,14,1,Etched FBG written in multimode fibers: sensing characteristics and applications in the liquid fuels sector,"['Corotti Jr, Raquel de Paiva', 'Thaler, Juliana', 'Kalinowski, Hypolito José', 'Muller, Marcia', 'Fabris, José Luís', 'Kamikawachi, Ricardo Canute']",20
68a8e2f9014393dc41eac7b1,2015,14,1,Radio-Wave Propagation Model for UHF Band in Different Climatic Conditions with Dyadic Green’s Function,"['Gomes, Cristiane R.', 'silva, diego kasuo nakata da', 'Araújo, Jasmine P. L.', 'Gomes, Herminio S.', 'Cavalcante, Gervásio P. S.']",7
68a8e2fb014393dc41eac7b2,2015,14,1,An improved UWB Patch Antenna Design using Multiple Notches and Finite Ground Plane,"['Padmavathy, A.P', 'Madhan, M.Ganesh']",16
68a8e2fd014393dc41eac7b3,2015,14,1,Semi-analytical formulation for a Unified Time and Frequency Antenna Characterization,"['Gonçalves, Sandro Trindade Mordente', 'rego, cassio goncalves do']",0
68a8e2fe014393dc41eac7b4,2015,14,1,Maximum Power Transfer versus Efficiency in Mid-Range Wireless Power Transfer Systems,"['Abatti, Paulo J.', 'Pichorim, Sérgio F.', 'de Miranda, Caio M.']",33
68a8e300014393dc41eac7b5,2015,14,1,Inversion Method for Obtaining Electrical Parameters for Soil in the Rural Region in Brazil,"['Oliveira, Rômulo A. N.', 'Magno, Fátima N. B.', 'Souza, João F.', 'Cozzolino, Klaus', 'Cavalcante, Gervásio P. S.']",1
68a8e302014393dc41eac7b6,2015,14,1,An efficient method of EM field modification around transmitting stations,"['Lewicki, Fryderyk', 'Scharoch, Pawel']",1
68a8e335a1208bae92b37c80,2015,14,2,Phase Noise Effects on Wideband Mobile Radio Channel Sounding,"['Ferreira, Carlos Eduardo Salles', 'Siqueira, Gláucio Lima', 'Sampaio Neto, Raimundo']",0
68a8e338a1208bae92b37c81,2015,14,2,Design of K-Band Substrate Integrated Waveguide Band-Pass Filter with High Rejection,"['Rhbanou, Ahmed', 'Sabbane, Mohamed', 'Bri, Seddik']",18
68a8e33aa1208bae92b37c82,2015,14,2,Chromatic Dispersion of an Optical Fiber Based on Photonic Quasicrystals with Twelve-Fold Symmetry and its Application as Directional Coupling,"['Guimarães, Ádller de O.', 'Silva, José P.', 'Dantas, Emmanuel R. M.']",5
68a8e33ca1208bae92b37c83,2015,14,2,Design of a Triple Band-notched UWB Planar Monopole Antenna,"['Tomar, Sanjiv', 'Kumar, Ajay']",28
68a8e33da1208bae92b37c84,2015,14,2,Analysis and Comparison of Sensors for Measurements of Partial Discharges in Hydrogenerator Stator Windings,"['Dmitriev, Victor', 'Oliveira, Rodrigo M. S. de', 'Brasil, Fernando S.', 'Vilhena, Paulo R. M. de', 'Modesto, Jonathas F. M.', 'Zampolo, Ronaldo F.']",5
68a8e33fa1208bae92b37c85,2015,14,2,Design of Frequency Selective Band Stop Shield Using Analytical Method,"['Fallah, Mahmoud', 'Ghayekhloo, Alireza', 'Abdolali, Ali']",36
68a8e341a1208bae92b37c86,2015,14,2,Artificial Immune Network Design of Optical Multiplexers/Demultiplexers,"['Silva-Santos, Carlos H.', 'Rodríguez-Esquerre, Vitaly F.', 'Hernández-Figueroa, Hugo E.']",5
68a8e3755a5f18b2df4e30ac,2014,13,1,Wavelength assignment using a hybrid evolutionary computation to reduce cross-phase modulation,"['Miranda, André M. L.', 'Lima, Fabio de O.', 'Rocha, Helder R. de O.', 'vijaykumar, nadamudi', 'Francês, Carlos R. L.', 'segatto, marcelo e. v.', 'Costa, João C. W. A.']",11
68a8e3775a5f18b2df4e30ad,2014,13,1,Study of different shape Electromagnetic Band Gap (EBG) structures for single and dual band applications,"['Kushwaha, Nagendra', 'Kumar, Raj']",62
68a8e3795a5f18b2df4e30ae,2014,13,1,Performance optimization of microstrip antenna array using frequency selective surfaces,"['Almeida Filho, Valdez A.', 'Campos, Antonio Luiz Pereira de Siqueira']",28
68a8e37a5a5f18b2df4e30af,2014,13,1,Dimensions and refractive index estimates of deeply buried optical waveguides in Lithium Fluoride,"['Chiamenti, Ismael', 'Bonfigli, Francesca', 'Montereali, Rosa Maria', 'kalinowski, hypolito jose']",18
68a8e37c5a5f18b2df4e30b0,2014,13,1,Probe-Fed linearly-polarized electrically-equivalent microstrip antennas on FR4 substrates,,11
68a8e37f5a5f18b2df4e30b1,2014,13,1,Characterization of the radiation pattern of antennas via FDTD and time-domain moment expansion,"['ramos, glaucio lopes', 'Rego, Cássio G.']",4
68a8e3805a5f18b2df4e30b2,2014,13,1,Rectangular notch loaded dual band annular ring patch antenna,"['Singh, Prabhakar']",9
68a8e3825a5f18b2df4e30b3,2014,13,1,Channel characterization in the 5.8GHz band in a suburban area,"['Meza, Wilyam D. T.', 'Siqueira, Gláucio Lima', 'matos, leni j. de']",5
68a8e39b0b604400775ef1b7,2014,13,2,Multiband frequency selective surfaces with a modified multifractal cantor geometry,"['Braz, Érico Cadineli', 'Campos, Antonio Luiz Pereira de Siqueira']",11
68a8e39d0b604400775ef1b8,2014,13,2,QoS management in smart grids: a Markovian approach,"['Silva, Marcelino S. da', 'Francês, Carlos R. L.', 'Costa, João C. W. A.', 'cardoso, diego lisboa', 'vijaykumar, nadamudi', 'Carvalho, Solon V. de']",0
68a8e39f0b604400775ef1b9,2014,13,2,Hardware embedded fiber sensor interrogation system using intensive digital signal processing,"['Wang, Yujuan', 'Negri, Lucas H.', 'kalinowski, hypolito jose', 'Mattos, Daniel S.', 'Negri, Gabriel H.', 'paterno, aleksander sade']",9
68a8e3a00b604400775ef1ba,2014,13,2,A comparative analysis of cylindrical CFS-PML ABC for finite volume simulations in the frequency domain,"['Lima, Ana Paula M.', 'novo, marcela silva']",0
68a8e3a20b604400775ef1bb,2014,13,2,An efficient indoor ray-tracing propagation model with a quasi-3D approach,"['Grubisic, Stevan', 'Carpes Junior, Walter Pereira']",13
68a8e3a40b604400775ef1bc,2014,13,2,Design of a novel dual: band planar inverted F - antenna for mobile radio applications,"['Chattoraj, Neela', 'Qurratulain,', 'Saxena, Janhavi', 'Agarwal, Samarth', 'Singh, Vinyas K.']",10
68a8e3a50b604400775ef1bd,2014,13,2,A new microstrip diplexer using open-loop resonators,"['Chinig, Abdessamed', 'Zbitou, Jamal', 'Errkik, Ahmed', 'Elabdellaoui, Larbi', 'Tajmouati, Abdelaziz', 'Tribak, Abdelwahed', 'Latrach, Mohamed']",11
68a8e3a70b604400775ef1be,2014,13,2,Experimental-based subsystem models for simulation of heterogeneous optical networks,"['Magalhães, Eduardo', 'Garrich, Miquel', 'Moura, Uiara', 'Nascimento, Lara', 'Oliveira, Juliano', 'Bordonalli, Aldário']",2
68a8e3a90b604400775ef1bf,2014,13,2,Analysis of electronic structure of boron nitride nanotubes with different positions of intrinsic impurities,"['Gomes, Fernando', 'Dmitriev, Victor', 'Nascimento, Clerisson']",2
68a8e3ab0b604400775ef1c0,2014,13,2,Finite element analysis of hybrid excitation axial flux machine for electric cars,"['Pelizari, Ademir', 'Chabu, I.E']",3
68a8e3ad0b604400775ef1c1,2014,13,2,Study on radial suspension forces of bearingless permanent magnet slice motor based on accurate inductance model,"['Zhu, Huangqiu', 'Zhu, Suming']",2
68a8e3ae0b604400775ef1c2,2014,13,2,Modified rain attenuation prediction method considering the effect of wind direction,"['Mello, L. da Silva', 'Pontes, Marlene S.', 'Fagundes, Igor', 'Almeida, Marta P. C.', 'Andrade, Fernando J. A.']",12
68a8e3d6b925f4c21fdd1513,2013,12,1,Comparison between OFDM and STDCC mobile channel sounders at 3.5 GHz,"['Silva, Rogério M. L.', 'Siqueira, Gláucio Lima', 'silva, leonardo henrique gonsioroski furtado da', 'Ron, Carlos Rodriguez Vinicio']",15
68a8e3d7b925f4c21fdd1514,2013,12,1,Microstrip feed spanner shape monopole antennas for ultra wide band applications,"['Mandal, Tapan', 'Das, Santanu']",26
68a8e3d9b925f4c21fdd1515,2013,12,1,Conception of bi-band rectangular microstrip array antenna,"['Safa, Zaakri', 'Lahbib, Zenkouar', 'Seddik, Bri']",12
68a8e3dbb925f4c21fdd1516,2013,12,1,An analysis on electric and magnetic behaviour on an induction planar actuator,"['Baggio Filho, Nolvi Francisco', 'Flores Filho, Aly Ferreira']",5
68a8e3ddb925f4c21fdd1517,2013,12,1,Coplanar waveguide-fed ultra-wideband planar antenna with WLAN-band rejection,"['subbarao, akkala', 'Raghavan, Srividya']",16
68a8e3deb925f4c21fdd1518,2013,12,1,SFN channel measurements in Brazil,"['Guerra, Maurício V.', 'Rodriguez R., Carlos V.', 'mello, luiz alencar reis da silva']",3
68a8e3e0b925f4c21fdd1519,2013,12,1,Design of four-wave mixing frequency-shift-free amplitude regenerators,"['fagotto, eric a. m.', 'Miranda, U. R. C. de', 'Tobar, Carlos M. T.']",4
68a8e3e2b925f4c21fdd151a,2013,12,1,New strategies for planning and performance evaluation of wireless networks: case studies based on the cross-layer approach,"['Araújo, Jasmine', 'Rodrigues, Josiane', 'Fraiha, Simone', 'Gomes, Hermínio', 'costa, joão c. w. a.', 'Cavalcante, Gervásio', 'Francês, Carlos']",3
68a8e3e3b925f4c21fdd151b,2013,12,1,Design of highly birefringent holey fibers with near-zero ultra-flattened chromatic dispersion and ultralow confinement loss,"['Habib, M. Samiul', 'Habib, M. Selim', 'Razzak, S. M. A.', 'Khan, M. A. Goffar', 'namihira, yoshinori', 'hossain, anwar m. a.']",8
68a8e3e5b925f4c21fdd151c,2013,12,1,"A simple transformation of improved WLAN band pass to low pass filter using defected ground structure (DGS), defected microstrip structure (DMS) and multilayer-technique","['boutejdar, ahmed', 'omar, abbas', 'al sharkawy, mohamed', 'Darwish, A.']",9
68a8e3e7b925f4c21fdd151d,2013,12,1,An improved zeroth order resonator using left handed metamaterial,"['Upadhyay, Dileep Kumar', 'Pal, Srikanta']",3
68a8e3e9b925f4c21fdd151e,2013,12,1,Estimating the location of maximum exposure to electromagnetic fields associated with a radiocommunication station,"['Linhares, Agostinho', 'Terada, Marco Antonio Brasil', 'Soares, Antonio José Martins']",25
68a8e3ebb925f4c21fdd151f,2013,12,1,On the design of nano-arm fractal antenna for UWB wireless applications,"['Kumar, Raj', 'Gaikwad, Sheetal']",38
68a8e3ecb925f4c21fdd1520,2013,12,1,A passive-matched 22 GHz 2.6-dB-NF CMOS front-end with a 70-800 ps delay block,"['Roy, Apratim']",0
68a8e3eeb925f4c21fdd1521,2013,12,1,Extension of the Misme and Fimbel model for the estimation of the cumulative distribution function of the differential rain attenuation between two converging terrestrial links,"['Grynszpan, Henrique', 'Costa, Emanoel']",0
68a8e3f0b925f4c21fdd1522,2013,12,1,Design of multiple function antenna array using radial basis function neural network,"['Reddy, B Rama Sanjeeva', 'Vakula, D', 'Sarma, N.V.S.N']",10
68a8e3f1b925f4c21fdd1523,2013,12,1,Analytical study of substrate parasitic effects in common-base and common-emitter SiGe BHT amplifiers,"['Murty, Neti V L Narasimha', 'Rao, M. Hemalata']",1
68a8e3f3b925f4c21fdd1524,2013,12,1,Spectrally-efficient 17.6-Tb/s DWDM optical transmission system over 678 km with pre-filtering analysis,"['carvalho, luis h. h.', 'silva, edson p.', 'silva, rosnaldo', 'Perin, J. P. K', 'oliveira, julio c. r. f.', 'Silva, M. L.', 'Cardoso, P. P. G.', 'paradisi, alberto']",3
68a8e424e091a106db432b8f,2012,11,1,Unified method for the prediction of rain attenuation in satellite and terrestrial links,"['Mello, L. da Silva', 'Pontes, Marlene S.']",76
68a8e426e091a106db432b90,2012,11,1,Upgrading and extending PON by using in-band WDM overlay,"['Penze, Rivael Strobel', 'Rosolem, Joao Batista', 'Baldini Filho, Renato']",4
68a8e428e091a106db432b91,2012,11,1,Performance evaluation of PCRR based add drop filter with different rod shapes,"['robinson, savarimuthu', 'nakkeeran, rangaswamy']",18
68a8e42ae091a106db432b92,2012,11,1,Increasing energy efficiency in OCDMA network via distributed power control,"['Durand, Fábio R.', 'Angélico, Bruno A.', 'Abrão, Taufik']",5
68a8e42be091a106db432b93,2012,11,1,Detection and analysis of rotor faults in induction motors by the measurement of the stray magnetic flux,"['Rigoni, Mauricio', 'Sadowski, Nelson', 'Batistela, Nelson J.', 'Bastos, João Pedro A.', 'nau, sebastião l.', 'kost, arnulf']",35
68a8e42de091a106db432b94,2012,11,1,Spectral domain analysis of double screen frequency selective surfaces,"['Campos, Antonio Luiz Pereira de Siqueira', 'Silva, Tércio de Lima']",5
68a8e42fe091a106db432b95,2012,11,1,Planar multilayer structure analysis: an educational approach,"['Ferreira, D.B.', 'Tinoco Salazar, A.F.', 'Bianchi, Ildefonso', 'Lacava, José C.da S.']",0
68a8e431e091a106db432b96,2012,11,1,On the design of tree-type ultra wideband fractal Antenna for DS-CDMA system,"['Kumar, Raj', 'Chaubey, Prem Narayan']",32
68a8e432e091a106db432b97,2012,11,1,Modeling of electromagnetic waves propagation in four-level two-electron atomic systems governed by Pauli Exclusion Principle using the TLM method,"['el faylali, hanan', 'iben yaich, mohamed', 'khalladi, mohsine', 'Rafaoui, A.']",2
68a8e434e091a106db432b98,2012,11,1,ANN model of RF MEMS Lateral SPDT switches for millimeter wave applications,"['Suganthi, S.', 'murugesan, kasthuri', 'Raghavan, Srividya']",20
68a8e436e091a106db432b99,2012,11,1,A dual tuned Complementary Structure Frequency Selective surface for WLAN applications,"['Ray, Arup', 'Kahar, Manisha', 'Biswas, Sushanta', 'Sarkar, Debasree', 'Sarkar, Partha Pratim']",23
68a8e437e091a106db432b9a,2012,11,1,Analysis of microstrip antennas on carbon fiber composite material,"['Assis, Rodrigo R. de', 'Bianchi, Ildefonso']",30
68a8e439e091a106db432b9b,2012,11,1,Studying the effect of Building Block Shape on Sierpinski tetrahedron fractal antenna behavior using FDTD-equivalent electric circuits,"['jabbar, ahmed n.']",4
68a8e43be091a106db432b9c,2012,11,1,Experimental analysis of all-optical 4-ASK signal generation through parametric amplification,"['marconi, jorge d.', 'abbade, marcelo l. f.', 'Costa, A. L. A.', 'moschim, edson', 'Fragnito, Hugo L.']",0
68a8e43de091a106db432b9d,2012,11,1,Analysis and design of L-strip proximity coupled circular microstrip antenna,"['Pandey, Ganga Prasad', 'Kanaujia, Binod Kumar', 'Gupta, Surendra. K.', 'gautam, anil k.']",1
68a8e43ee091a106db432b9e,2012,11,1,Optimal design of double folded stub microstrip filter by neural network modelling and particle swarm optimization,"['Banookh, Amir', 'Barakati, S. Masoud']",9
68a8e440e091a106db432b9f,2012,11,1,Scattering analysis of planar electric and magnetic dipoles in multilayered chiral structures,"['Rabelo, N. R.', 'Lacava, José C.da S.', 'Fernandes, D.', 'Sant'Anna, S. J. S.']",2
68a8e44bd81e2a32aceabc30,2012,11,2,On the design of UWB circular fractal antenna with notched-band characteristics using W-shape slot,"['Kumar, Raj', 'Chaubey, Prem Narayan', 'srikant, itapu']",15
68a8e44dd81e2a32aceabc31,2012,11,2,Design and analysis of metallic photonic band gap cavity for a Gyrotron,"['Ashutosh,', 'Jain, P. K.']",5
68a8e44ed81e2a32aceabc32,2012,11,2,Performance analysis of peak tracking techniques for fiber Bragg grating interrogation systems,"['Tosi, Daniele', 'Olivero, Massimo', 'Perrone, Guido']",27
68a8e450d81e2a32aceabc33,2012,11,2,Microwave switchable frequency selective surface with high quality factor resonance and low polarization sensitivity,"['Dmitriev, Victor', 'Kawakatsu, Marcelo N.']",1
68a8e452d81e2a32aceabc34,2012,11,2,Green-Markov models - new optimization strategies: a case study for user allocation in co-channel macro/femto networks,"['cardoso, diego lisboa', 'Santana, Adamo L. de', 'Silva, Marcelino S. da', 'Francês, Carlos R. L.', 'Costa, João C. W. A.', 'Carvalho, Solon V. de', 'vijaykumar, nadamudi']",5
68a8e453d81e2a32aceabc35,2012,11,2,A microwave method for complex permittivity extraction of thin materials,"['Jebbor, Nawfal', 'Bri, Seddik']",16
68a8e45bd81e2a32aceabc36,2012,11,2,Statistical modeling of rain attenuation in tropical terrestrial links,"['Andrade, Fernando J. A.', 'mello, luiz alencar reis da silva', 'Pontes, Marlene S.', 'Rodrigues, Marcio E. C.']",11
68a8e45dd81e2a32aceabc37,2012,11,2,Testing strategies to evaluate non-oriented electrical steels losses,"['Schlegel, J. P.', 'Batistela, Nelson J.', 'Sadowski, Nelson', 'Kuo-Peng, Patrick', 'Bastos, João Pedro A.', 'Rigoni, Mauricio', 'Espíndola, A. A. de', 'Dokonal, L.V.']",15
68a8e4716f0e60ee1fe234d3,2011,10,1,Study of backfire antennas,"['kirov, georgi s.', 'hristov, hristo d.']",10
68a8e4736f0e60ee1fe234d4,2011,10,1,Study on effect of rectangular DMS and DGS on 4 and 8 elements rectangular microstrip linear array antenna,"['MallikaRio de Janeiroun, S L', 'Hadalgi, P M', 'Hunagund, P V']",12
68a8e4756f0e60ee1fe234d5,2011,10,1,Automated photosensitivity enhancement in optical fiber tapers,"['Paterno, Aleksander Sade', 'Oliveira, Valmir de', 'kalinowski, hypolito jose']",0
68a8e4766f0e60ee1fe234d6,2011,10,1,Polarization maintaining highly birefringent small mode area photonic crystal fiber at telecommunication window,"['Mishra, S.S.', 'Singh, Vinod Kumar']",15
68a8e4786f0e60ee1fe234d7,2011,10,1,A load effect evaluation of a transmission line exciting chamber,"['Santos Jr., Mario. A.', 'Voyer, Damien', 'Perrussel, Ronan', 'Weinzierl, Djonny', 'sartori, carlos antonio franca', 'Krähenbühl, Laurent', 'Vollaire, Christian', 'Cardoso, José R.']",0
68a8e47a6f0e60ee1fe234d8,2011,10,1,A compact wide slot antenna with dual band-notch characteristic for ultra wideband applications,"['Liu, Cheng-yuan', 'Jiang, Tao', 'Li, Ying-song']",27
68a8e47c6f0e60ee1fe234d9,2011,10,1,,[],0
68a8e47e6f0e60ee1fe234da,2011,10,1,Numerical treatment of rounded and sharp corners in the modeling of 2D electrostatic fields,"['krähenbühl, laurent', 'buret, françois', 'perrussel, ronan', 'voyer, damien', 'dular, patrick', 'péron, victor', 'poignard, clair']",30
68a8e4806f0e60ee1fe234db,2011,10,1,Theoretical and experimental performance evaluation methods for DD-OFDM systems with optical amplification,"['Cartaxo, Adolfo V. T.', 'Alves, Tiago M. F.']",11
68a8e4826f0e60ee1fe234dc,2011,10,1,Dynamic modeling of transverse flux permanent magnet generator for wind turbines,"['Salles, Maurício B. C.', 'Cardoso, José R.', 'Hameyer, Kay']",19
68a8e4836f0e60ee1fe234dd,2011,10,1,Comparison between known propagation models using least squares tuning algorithm on 5.8 GHz in Amazon region cities,"['Castro, Bruno S. L.', 'Pinheiro, Márcio R.', 'Cavalcante, Gervásio P. S.', 'Gomes, Igor R.', 'Carneiro, Oziel de O.']",23
68a8e4866f0e60ee1fe234de,2011,10,1,Hg0.8Re0.2Ba2Ca2Cu 3O8.8 thick film produced by Laser Ablation,"['orlando, marcos t. d.', 'rodrigues, valdi a.', 'Dias, S. P.', 'fardin, jussara f.', 'simonetti, domingos s. l.', 'belich, humberto', 'carvalho, césar c.', 'Silva Neto, J. L. da', 'yugue, eduardo s.', 'werneck, marcelo m.']",3
68a8e4876f0e60ee1fe234df,2011,10,1,Channel characteristics in tunnels: FDTD simulations and measurement,"['Ramirez, L.A.R.', 'Hasselmann, F.J.V.', 'Zhang, Y.P.']",21
68a8e4896f0e60ee1fe234e0,2011,10,1,Terrestrial rain attenuation time series synthesizers for tropical regions,"['Andrade, Fernando J. A.', 'rodrigues, marcio e. c.', 'Silva Mello, Luiz A. R. da']",7
68a8e48a6f0e60ee1fe234e1,2011,10,1,Transmission of a 20 Gb/s NRZ OOK signal throughout a 390 km fiber link and a cascade of 11 x 50 GHz filters and 9 x EDFAs,"['Pataca, Daniel M.', 'Oliveira, Julio C. R. F.', 'Juriollo, Antonio A.', 'Herbster, Adolfo Fernandes', 'Rocha, Mônica de Lacerda']",7
68a8e48c6f0e60ee1fe234e2,2011,10,1,Analysis of signal processing techniques for optical 112 Gb/s DP-QPSK receivers with experimental data,"['Portela, Thiago F.', 'Souto, Diego V.', 'Rozental, Valery N.', 'Ferreira, Hugo B.', 'Mello, Darli A. A.', 'Griesser, Helmut']",18
68a8e48e6f0e60ee1fe234e3,2011,10,1,FBG optimization using spline encoded evolution strategy,"['Sousa, M. J. de', 'costa, joão c. w. a.', 'Souza, R. M. de', 'Pantoja, R. V. M. P.']",5
68a8e48f6f0e60ee1fe234e4,2011,10,1,Statistical modeling of manufacturing uncertainties for microstrip filters,"['Ortega P., Abraham E.', 'Menezes, Leonardo R.A.X. de', 'Abdalla Jr., Humberto']",3
68a8e4916f0e60ee1fe234e5,2011,10,1,Control strategies applied for reducing the vibration and torque ripple of a special Switched Reluctance Motor,"['Correa, D. A. P.', 'Silva, W. M. da', 'nabeta, silvio ikuyo', 'chabu, i.e.']",4
68a8e4936f0e60ee1fe234e6,2011,10,1,Characterization of bone Tissue by microwaves using wavelets and KNN,"['Barros, Jannayna Domingues', 'Oliveira Júnior, José Josemar de', 'Silva, Sandro Gonçalves da', 'Farias, Robson Fernandes de']",7
68a8e4946f0e60ee1fe234e7,2011,10,1,Analysis of modified bowtie nanoantennas in the excitation and emission regimes,"['Costa, Karlo Q. da', 'Dmitriev, Victor']",14
68a8e4966f0e60ee1fe234e8,2011,10,1,Analysis of magnetic force production in slider actuators combining analytical and finite element methods,"['Nogueira, Antônio Flavio Licarião']",9
68a8e4976f0e60ee1fe234e9,2011,10,1,Applicability of low macrobending loss hollow-core PCF to FTTH applications,"['lona, daniel g.', 'Hernández-Figueroa, Hugo E.', 'Sodré Junior, Arismar Cerqueira', 'Stefanini, G.', 'Fragnito, Hugo L.']",5
68a8e4996f0e60ee1fe234ea,2011,10,1,Optical fibres coating aging induced by the maritime environment,"['Domingues, Fernando', 'André, Paulo', 'Granada, M.']",5
68a8e49b6f0e60ee1fe234eb,2011,10,1,New method for optimum design of pyramidal horn antennas,"['Pereira, Leandro de Paula Santos', 'Terada, Marco Antonio Brasil']",10
68a8e49c6f0e60ee1fe234ec,2011,10,1,Anisotropic-dielectric-loaded corrugated guide,"['Senhorini, K.C.C.O.', 'Descardeci, J.R.', 'Bergmann, J.R.']",1
68a8e49e6f0e60ee1fe234ed,2011,10,1,Uncooled detectors of continuum terahertz radiation,"['Kaufmann, P.', 'marcon, rogério', 'Kudaka, A.S.', 'cassiano, marta m.', 'Fernandes, L.O.T.', 'Marun, A.', 'pereyra, luciana', 'godoy, rodolfo', 'bortolucci, emilio', 'Zakia, M. Beny', 'Diniz, J.A.', 'Silva, A.M. Pereira Alves da', 'Timofeevsky, A.V.', 'Nikolaev, V.A.']",8
68a8e4c51596fb930038ecb7,2011,10,2,An improvement of defected ground structure lowpass/bandpass filters using H-slot resonators and coupling matrix method,"['Boutejdar, Ahmed', 'Omar, Abbas', 'Burte, Edmund P.', 'Mikuta, Reinhard']",31
68a8e4c71596fb930038ecb8,2011,10,2,,"['Araújo, Josivaldo de S.', 'Oliveira, Rodrigo M. S. de', 'S. Sobrinho, Carlos Leonidas da S.']",0
68a8e4c91596fb930038ecb9,2011,10,2,Design of distributed optical-fiber raman amplifiers using multi-objective particle swarm optimization,"['Bastos-Filho, Carmelo J. A.', 'Figueiredo, Elliackin M. N.', 'Martins-Filho, Joaquim F.', 'Chaves, Daniel A. R.', 'segatto, marcelo e. v.', 'cani, shirley', 'Pontes, Maria José']",15
68a8e4ca1596fb930038ecba,2011,10,2,,"['Holik, Sonia M.', 'Drysdale, Timothy D.']",0
68a8e4cc1596fb930038ecbb,2011,10,2,Comparative study of fundamental properties of honey comb photonic crystal fiber at 1.55µm wavelength,"['Mishra, S.S.', 'Singh, Vinod Kumar']",17
68a8e4ce1596fb930038ecbc,2011,10,2,An FET-based microwave active circuit with dual-band negative group delay,"['Ravelo, Blaise', 'De Blasi, Serge']",27
68a8e4cf1596fb930038ecbd,2011,10,2,Heuristic solutions related to challenges of optical burst switching paradigm,"['Garg, Amit Kumar']",1
68a8e4d11596fb930038ecbe,2011,10,2,A new multilevel smoothing method for wavelet-based algebraic multigrid poisson problem solver,"['Pereira, Fabio Henrique', 'Prado, Kleber Rogério Moreira', 'Nabeta, Silvio Ikuyo']",1
68a8e4d31596fb930038ecbf,2011,10,2,An automatic methodology for obtaining optimum shape factors for the radial point interpolation method,"['Machado, Péricles L.', 'oliveira, rodrigo m. s. de', 'Souza, Washington C.B.', 'Araújo, Ramon C. F.', 'Tostes, Maria E.L.', 'Gonçalves, Cláudio']",16
68a8e540bedc64ee3cd9fd60,2010,9,2,Flexible tunable spectrum sliced microwave photonic filter using parallel Fabry-Pérot filters and Fiber Bragg Grating,"['Jeyachitra, R.K.', 'Sukanesh, R.']",7
68a8e542bedc64ee3cd9fd61,2010,9,2,An efficient two-level preconditioner based on lifting for FEM-BEM equations,"['Pereira, Fabio Henrique', 'Afonso, Marcio Matias', 'Vasconcelos, João Antônio de', 'Nabeta, Silvio Ikuyo']",4
68a8e543bedc64ee3cd9fd62,2010,9,2,Wideband dual-layer patch antenna fed by a modified L-strip,"['Wang, Zhongbao', 'Fang, Shaojun', 'Fu, Shiqiang']",25
68a8e545bedc64ee3cd9fd63,2010,9,2,Gain profile optimization for Raman+EDFA hybrid amplifiers with recycled pumps for WDM systems,"['Martini, Márcia M. Jardim', 'Castellani, Carlos Eduardo S.', 'Pontes, Maria José', 'Ribeiro, Moisés R. N.', 'Kalinowski, Hypolito José']",19
68a8e546bedc64ee3cd9fd64,2010,9,2,An efficient routing scheme to reduce packet loss in all optical networks,"['Garg, Amit Kumar', 'Kaler, R S']",8
68a8e548bedc64ee3cd9fd65,2010,9,2,Comparative analysis of circular and triangular gold nanodisks for field enhancement applications,"['Costa, Karlo Q. da', 'Dmitriev, Victor']",22
68a8e54abedc64ee3cd9fd66,2010,9,2,Etched fiber bragg gratings sensors for water-ethanol mixtures: a comparative study,"['Coradin, Francelli K.', 'Possetti, Gustavo R. C.', 'kamikawachi, ricardo canute', 'Muller, Marcia', 'Fabris, José L.']",75
